algo,total_steps,seed_count,EpRet_mean,EpRet_std,EpCost_mean,EpCost_std,CostRate_mean,CostRate_std
td3,10000,5,0.0,0.0,0.57,0.5239274758971895,0.00012001200120012002,8.36743700904166e-05
td3,20000,5,0.16,0.2043281674170255,13.47,6.100676192029863,0.029881494074703734,0.01126603044674095
td3,30000,5,0.25,0.1541103500742244,13.64,3.976713467173615,0.044288142938097935,0.014178323098218471
td3,40000,5,0.3,0.29790938219532465,14.71,10.392749876716941,0.04585114627865697,0.01526410493606993
td3,50000,5,0.45,0.18708286933869708,18.91,7.208796709576434,0.04604092081841637,0.01700770326537683
td3,60000,5,0.31,0.19493588689617927,12.29,6.763357154549803,0.046657444290738176,0.015460028938994431
td3,70000,5,0.39,0.07416198487095664,18.05,8.889881888979177,0.04593208474406777,0.015143196115243021
td3,80000,5,0.6,0.16955824957813168,22.54,5.114489221808959,0.0470130876635958,0.016123280399430267
td3,90000,5,0.6,0.1837117307087384,18.05,7.012756234177829,0.04904721163568484,0.015217519074287441
td3,100000,5,0.68,0.1396424004376894,21.69,6.488971413097765,0.05094250942509425,0.015389191223727375
td3,110000,5,0.65,0.15000000000000002,22.09,5.402013513496611,0.05213683760761462,0.015117601746335139
td3,120000,5,0.61,0.13416407864998736,21.43,6.5420371444986465,0.0528121067675564,0.015112738635511777
td3,130000,5,0.6900000000000001,0.15968719422671313,24.03,12.969608706510773,0.05350195001500011,0.01536282218742159
td3,140000,5,0.68,0.17175564037317667,19.77,7.725088996251111,0.05454038957421124,0.015662513722600625
td3,150000,5,0.7000000000000001,0.12247448713915889,21.94,7.339397114204953,0.05534703564690431,0.015287054229676984
td3,160000,5,0.69,0.15572411502397437,24.15,5.818075283115543,0.05597034981468634,0.014929259000607582
td3,170000,5,0.53,0.11510864433221339,18.689999999999998,8.08636197557344,0.05628150753827964,0.014547790420435025
td3,180000,5,0.66,0.18506755523321747,17.87,5.589342537365196,0.05647475819310107,0.013731504597014955
td3,190000,5,0.64,0.1884144368141677,21.25,4.692414090849187,0.05726030137000721,0.013646557069526255
td3,200000,5,0.67,0.09746794344808966,20.93,5.100441157390211,0.057441287206436036,0.013562029043683678
td3,210000,5,0.78,0.08366600265340758,20.6,3.586955533596701,0.05784503735732075,0.013435664385612358
td3,220000,5,0.62,0.23345235059857503,23.38,8.109068997116745,0.058020263728471494,0.01332976457246599
td3,230000,5,0.8099999999999999,0.13874436925511605,22.78,10.151637798897278,0.0583985147761512,0.01307312855825615
td3,240000,5,0.76,0.10839741694339401,24.81,6.057887420545218,0.05876357818157575,0.012799522789208343
td3,250000,5,0.8300000000000001,0.09746794344808962,21.97,5.3512381744788735,0.05889303557214229,0.012733129240608843
td3,260000,5,0.76,0.08215838362577492,18.07,3.9921172327475554,0.05939945922868934,0.012424281597037344
td3,270000,5,0.7000000000000001,0.1620185174601965,18.66,4.558152037832876,0.059857999474072124,0.01207625608054139
td3,280000,5,0.85,0.03535533905932737,21.9,1.068877916321598,0.06022307222525795,0.012249901776731536
td3,290000,5,0.87,0.1254990039801113,26.990000000000002,5.405252075528024,0.06066572643353942,0.012194725937664814
td3,300000,5,0.7999999999999999,0.14142135623730948,23.36,5.026231192454244,0.06103353677845593,0.012156540383557906
td3,310000,5,0.81,0.0894427190999916,22.61,7.042584752773657,0.061282778331543004,0.012364521004477344
td3,320000,5,0.7,0.15811388300841894,21.68,8.897864912438264,0.06130331657286429,0.012359383992824541
td3,330000,5,0.84,0.11401754250991378,23.11,5.080034448702095,0.061498368176873264,0.01238917208612948
td3,340000,5,0.77,0.1396424004376894,20.060000000000002,6.221675819262846,0.06163371068738437,0.012254435647847737
td3,350000,5,0.75,0.09354143466934854,21.25,3.1551545128567007,0.061657890451115575,0.012180961579592274
td3,360000,5,0.84,0.09617692030835673,19.51,7.0570354965807,0.061680171333809264,0.012123094866824047
td3,370000,5,0.82,0.11510864433221339,21.47,4.655588040194278,0.061676382909143,0.012068127002929445
td3,380000,5,0.78,0.16431676725154987,22.5,3.3185087012090237,0.0617101623951642,0.012060016479598038
td3,390000,5,0.79,0.08215838362577493,21.67,5.482540469526878,0.06174169677358147,0.012035793017065243
td3,400000,5,0.73,0.13038404810405294,18.45,3.6402266412958415,0.06174115435288588,0.01186066867851169
td3,410000,5,0.84,0.0651920240520265,18.65,4.0401113846031524,0.062000151219881026,0.011828862134310445
td3,420000,5,0.73,0.10368220676663861,18.16,6.2134330285277874,0.061851099645475346,0.011784355850413174
td3,430000,5,0.74,0.08215838362577495,24.29,3.0435177016077968,0.061853632217749345,0.011600591691813336
td3,440000,5,0.74,0.15572411502397437,18.27,7.850923512555704,0.06195968627201425,0.011369146719998308
td3,450000,5,0.85,0.07071067811865477,18.11,6.727035008084914,0.062034360076355724,0.011321543248528104
td3,460000,5,0.82,0.1643167672515498,19.6,6.712581470641529,0.06195056945775969,0.011261626396877772
td3,470000,5,0.82,0.08366600265340754,19.47,6.434632856659346,0.06195545096904461,0.011281477493161733
td3,480000,5,0.75,0.10000000000000002,16.34,3.469582107401408,0.062019295873533074,0.011294438401673249
td3,490000,5,0.75,0.08660254037844389,20.8,3.3581989220413972,0.06212380025265358,0.011337103956071995
td3,500000,5,0.8200000000000001,0.07582875444051547,17.36,3.262552681566997,0.06198292396584793,0.011193917563331457
td3,510000,5,0.77,0.130384048104053,16.47,3.61828688746484,0.06195541559885412,0.011132535697879802
td3,520000,5,0.77,0.1254990039801113,16.95,6.919537556802477,0.061879349767980325,0.010993380352274502
td3,530000,5,0.82,0.10368220676663861,18.2,8.822343792893134,0.06178502223589101,0.010951278167744131
td3,540000,5,0.84,0.12449899597988728,17.07,5.249595222490968,0.061789744055081586,0.010963619712077833
td3,550000,5,0.84,0.09617692030835671,19.42,5.774794368633398,0.0618310215109482,0.010998944738916033
td3,560000,5,0.79,0.16355427233796124,22.53,7.586056287689936,0.061717967353513134,0.010895773389475255
td3,570000,5,0.77,0.07582875444051551,19.77,3.309380606699689,0.06170607316854942,0.010897988637137515
td3,580000,5,0.78,0.10368220676663861,19.42,5.126475397385614,0.06166769253050436,0.010776402801836924
td3,590000,5,0.76,0.10839741694339401,16.35,2.678619047195775,0.061550273814023414,0.010638276499105379
td3,600000,5,0.78,0.09746794344808964,16.54,1.2017695286534766,0.06163410272350454,0.010651235118580016
td3,610000,5,0.77,0.04472135954999579,21.78,6.930602426917879,0.06165288795555403,0.01069625603911862
td3,620000,5,0.83,0.14832396974191325,18.560000000000002,5.2006489979616966,0.06159235740702808,0.010720539237013934
td3,630000,5,0.75,0.07905694150420949,16.61,6.0433227615278,0.06156327232265448,0.010863373768538867
td3,640000,5,0.77,0.11510864433221339,15.87,2.815270857306629,0.06150165859634156,0.010825864664767284
td3,650000,5,0.79,0.1949358868961793,16.78,5.7929482994413135,0.06153055620085569,0.010796697417371425
td3,660000,5,0.75,0.15000000000000002,18.12,3.932969615951794,0.06149191135138084,0.010823168989452925
td3,670000,5,0.87,0.04472135954999579,15.62,4.269162681369732,0.061494420140925585,0.01080228967211622
td3,680000,5,0.82,0.1604680653588121,15.299999999999999,5.719812059849519,0.061424502094856025,0.010819002608847456
td3,690000,5,0.78,0.13038404810405296,16.85,3.678994427829431,0.061312842482380406,0.010836454085091205
td3,700000,5,0.84,0.08215838362577489,16.81,3.2738356708912555,0.061357230510329305,0.010754363178970161
td3,710000,5,0.74,0.10839741694339401,18.6,3.7856637462933764,0.06126712854525147,0.01078995512329162
td3,720000,5,0.85,0.07905694150420946,16.98,5.948382132983724,0.06117258496192356,0.010681779297441471
td3,730000,5,0.78,0.07582875444051553,17.34,6.8638910247759615,0.06103871375166268,0.010668996273958056
td3,740000,5,0.86,0.0821583836257749,16.259999999999998,6.609784414033486,0.06096278508484471,0.010600537504250556
td3,750000,5,0.77,0.11510864433221336,17.87,4.931607243080089,0.060928614571486094,0.01068766625719787
td3,760000,5,0.7999999999999999,0.16583123951776998,16.96,2.8908043863257165,0.06083534320439895,0.010695685687257218
td3,770000,5,0.79,0.108397416943394,14.120000000000001,4.589744001575687,0.060737481477248674,0.01069458163258896
td3,780000,5,0.82,0.1823458252881047,15.35,4.566453766326776,0.06072443682620106,0.010711322864721581
td3,790000,5,0.76,0.108397416943394,16.11,4.970085512342821,0.060616026096235565,0.010730217072907014
td3,800000,5,0.83,0.057008771254956896,16.56,4.619577902795882,0.0605420756775946,0.010643877352973195
td3,810000,5,0.77,0.1254990039801113,14.95,3.5519360917674185,0.06051365495512957,0.010628142451341286
td3,820000,5,0.83,0.07582875444051551,12.6,2.344941363872453,0.060465195689263035,0.01060133743069422
td3,830000,5,0.7999999999999999,0.07071067811865477,16.62,3.630530264300244,0.06041284387089623,0.010497679739629555
td3,840000,5,0.7999999999999999,0.14142135623730948,15.72,3.740254002069913,0.06030507179175213,0.010356984769502113
td3,850000,5,0.72,0.15247950681976907,16.19,1.778833887691597,0.060163835486865276,0.01034679778926825
td3,860000,5,0.73,0.044721359549995836,12.23,2.44402332231098,0.060067744264818916,0.010273390598942613
td3,870000,5,0.75,0.1457737973711325,13.05,4.510127492654726,0.06001179311700358,0.010272128542018526
td3,880000,5,0.78,0.1095445115010332,16.61,4.273669383562561,0.05995711358762908,0.010239757199554894
td3,890000,5,0.77,0.09746794344808965,13.41,3.4866531229819815,0.05992411227428345,0.010199083739478322
td3,900000,5,0.76,0.08944271909999163,15.24,2.809225872015278,0.0598316220351356,0.010141669447403598
td3,910000,5,0.79,0.09617692030835671,16.490000000000002,3.3960270905868817,0.05978687888668009,0.010062675481990739
td3,920000,5,0.86,0.10246950765959598,16.27,5.808678851511762,0.05969267357899302,0.00998310630427425
td3,930000,5,0.75,0.12747548783981963,14.87,3.1965997559907304,0.05961576302770218,0.010016775899813566
td3,940000,5,0.8,0.11180339887498945,16.82,3.109983922788026,0.05951814842356215,0.009963741795370218
td3,950000,5,0.77,0.1857417562100671,12.72,3.3473123547108656,0.05946343101413791,0.009958038143436937
td3,960000,5,0.73,0.05700877125495691,13.22,5.261368643233432,0.05935693683014253,0.009933694281436442
td3,970000,5,0.77,0.10368220676663861,14.700000000000001,4.7014625384022795,0.05929243226023945,0.009846887985656106
td3,980000,5,0.79,0.08944271909999157,15.51,3.927531031067737,0.059228631865950884,0.009829305236193261
td3,990000,5,0.81,0.0651920240520265,15.64,6.703021706663347,0.05908834251347729,0.009812851930612725
td3,1000000,5,0.81,0.07416198487095664,15.389999999999999,2.468906640600247,0.059000859000858996,0.009779121788910815
epo,10000,5,0.0,0.0,0.58,0.5310367218940701,0.00016001600160016002,8.945166426641823e-05
epo,20000,5,0.24000000000000002,0.3150396800404673,6.9,4.19031621718457,0.01335066753337667,0.00780607733320623
epo,30000,5,0.35,0.2263846284534354,5.92,1.922758435165479,0.016887229574319144,0.008714442444999382
epo,40000,5,0.42,0.14832396974191325,8.05,4.814820868942062,0.016805420135503388,0.009008977912805959
epo,50000,5,0.24,0.19493588689617927,8.36,2.2575982813600826,0.01618432368647373,0.006875679674034357
epo,60000,5,0.28,0.19235384061671346,9.3,5.0698865865027,0.01599026650444174,0.005458476470541802
epo,70000,5,0.42000000000000004,0.16431676725154987,10.85,0.8930285549745874,0.015565936656237947,0.004687692883717342
epo,80000,5,0.49,0.1981161275615895,9.36,2.0797836425936236,0.015365192064900812,0.004048250434536979
epo,90000,5,0.4,0.21213203435596423,8.27,3.07176659269548,0.01592906587850976,0.003955276456172385
epo,100000,5,0.47000000000000003,0.17535677916750184,10.290000000000001,3.200468715672753,0.016424164241642416,0.003541127050864152
epo,110000,5,0.39,0.1746424919657298,9.05,3.3404715236026186,0.016911062827843888,0.0038089812505357544
epo,120000,5,0.56,0.09617692030835671,10.52,2.1043407518745623,0.017156809640080335,0.003895392949846884
epo,130000,5,0.65,0.2091650066335189,10.84,5.129863545943498,0.017675520580927546,0.003992547380510889
epo,140000,5,0.63,0.14832396974191325,10.2,2.398697563262197,0.017805841470296218,0.003785149632053217
epo,150000,5,0.71,0.15572411502397435,11.28,4.863332190998267,0.018016120107467382,0.0037766803705554437
epo,160000,5,0.71,0.0547722557505166,10.32,3.107370270823868,0.018152613453834086,0.003743412360554723
epo,170000,5,0.6,0.16955824957813168,9.1,3.3066221435174596,0.018337754927970164,0.0036248029050990286
epo,180000,5,0.62,0.10368220676663858,9.39,4.680331184862884,0.018574547636375758,0.003440001884549593
epo,190000,5,0.6,0.07905694150420946,10.94,2.0181674856165923,0.018686414139021786,0.0032728395015761253
epo,200000,5,0.77,0.11510864433221339,8.83,2.0173001759777844,0.018873094365471826,0.0035654799292877035
epo,210000,5,0.59,0.22192341021172146,7.6000000000000005,3.3656351555092834,0.01895437597321892,0.0033425620292051737
epo,220000,5,0.65,0.15411035007422438,7.36,1.4838295050308175,0.018950995231796507,0.003279604304087299
epo,230000,5,0.67,0.12549900398011132,7.93,2.2532199182503243,0.018921821399223476,0.0032368691247509455
epo,240000,5,0.73,0.18234582528810467,8.54,2.2108821768696765,0.01903174596560819,0.0031909531606657475
epo,250000,5,0.5800000000000001,0.10954451150103321,9.01,1.5820872289478858,0.019119276477105908,0.0031735412035688183
epo,260000,5,0.6,0.07905694150420946,8.27,4.462426469982447,0.01911315043519398,0.003270688278355985
epo,270000,5,0.68,0.12041594578792295,7.13,2.2267128238728944,0.019127478249919446,0.0031880979113932217
epo,280000,5,0.75,0.10000000000000002,7.02,1.5413468136665411,0.01909078246708024,0.003162432746198031
epo,290000,5,0.6,0.15811388300841897,5.64,1.3862719790863554,0.019057307094162396,0.0031984598580295084
epo,300000,5,0.53,0.20186629238186352,7.48,1.969327296312119,0.018978063260210867,0.0031797892428860864
epo,310000,5,0.6,0.11726039399558573,7.17,1.5064859773658699,0.0189129642353685,0.0032085788083782273
epo,320000,5,0.61,0.1673320053068151,6.36,2.2227235545609356,0.01887068397088741,0.0031583056176124613
epo,330000,5,0.71,0.108397416943394,8.17,3.178167711119097,0.01876429928575541,0.003096711026882152
epo,340000,5,0.52,0.12041594578792296,7.39,1.978446360152329,0.018700643237185993,0.0031126128723914267
epo,350000,5,0.74,0.12942179105544785,5.58,1.770451919708638,0.018589767399335426,0.0030534140495140872
epo,360000,5,0.67,0.07582875444051551,6.4,1.280136711449211,0.018544495956933214,0.0029774420453709646
epo,370000,5,0.7,0.0790569415042095,5.68,1.0250609737961933,0.018523293306198126,0.0030570067232434544
epo,380000,5,0.7,0.03535533905932737,6.82,1.5315841472149023,0.01845952226190069,0.0030787612447751066
epo,390000,5,0.74,0.16733200530681508,5.74,0.9964938534682487,0.01842466262734007,0.002999441452910224
epo,400000,5,0.64,0.054772255750516585,7.05,1.2737739202857,0.018305045762614408,0.0029591684910352874
epo,410000,5,0.66,0.13416407864998742,6.57,2.7458149974096946,0.01831028856167942,0.0029162049787616303
epo,420000,5,0.64,0.08944271909999157,6.3,1.4313455208299637,0.01829051973933271,0.0028558621643472747
epo,430000,5,0.6,0.1322875655532295,4.22,1.2838418905768731,0.018209344672894586,0.0027662006993965952
epo,440000,5,0.7,0.3,7.0200000000000005,1.1851160280748887,0.018138223041416004,0.0026908299778093266
epo,450000,5,0.65,0.15811388300841894,4.57,2.504645683524917,0.01808404018675597,0.0026675416196027435
epo,460000,5,0.6799999999999999,0.12549900398011132,7.47,1.6817401701808752,0.01799829999630434,0.0026677772900858187
epo,470000,5,0.71,0.108397416943394,6.05,1.6654578949946468,0.017938336039012848,0.0026135896208413162
epo,480000,5,0.79,0.09617692030835671,6.7700000000000005,1.5192925985471004,0.017900870626813805,0.002585178453818257
epo,490000,5,0.73,0.1680773631397161,6.26,1.5335416525155097,0.01783513843905804,0.0025417071064227446
epo,500000,5,0.73,0.13038404810405294,6.13,1.138310151057259,0.01780203560407121,0.002510647170227557
epo,510000,5,0.72,0.19557607215607947,5.26,1.1583393285216559,0.017747877937015565,0.0025278607631685577
epo,520000,5,0.75,0.1274754878398196,5.92,1.3103434664239755,0.0176446493166333,0.0024966687736949376
epo,530000,5,0.67,0.16807736313971608,5.58,1.2091319200153472,0.01758531619870981,0.002454172770686593
epo,540000,5,0.69,0.16355427233796127,5.28,1.0883473710171767,0.0174885509047239,0.002432616298200898
epo,550000,5,0.68,0.10368220676663861,6.07,1.5180579699076053,0.01742948623542952,0.0024333768757977964
epo,560000,5,0.69,0.16355427233796127,4.58,1.6813684902483454,0.017324673794060347,0.0023658328510575617
epo,570000,5,0.76,0.08215838362577492,4.23,1.6555210660091282,0.017258977647329206,0.00235036594179347
epo,580000,5,0.8,0.09354143466934856,6.12,1.9341018587447771,0.01722209865879079,0.0022907998459075064
epo,590000,5,0.55,0.24748737341529162,4.34,1.724963767735427,0.01716646977367758,0.0022316950355736782
epo,600000,5,0.79,0.10839741694339397,6.43,2.963443942442644,0.017095361825603044,0.002195627906224766
epo,610000,5,0.6799999999999999,0.2252776065213762,4.89,2.0153783763849407,0.01704920827739062,0.002204028662390917
epo,620000,5,0.72,0.19235384061671343,6.029999999999999,2.6116565624139785,0.017013898409513565,0.0021924797329468714
epo,630000,5,0.71,0.022360679774997918,5.57,2.3166786570433113,0.01696828090203318,0.0021078430356608977
epo,640000,5,0.74,0.14747881203752625,4.2,0.5385164807134505,0.01692658894779523,0.002070942115147184
epo,650000,5,0.64,0.18841443681416772,5.13,0.5215361924162117,0.01684341052832389,0.0020682366847946635
epo,660000,5,0.68,0.11510864433221339,5.18,1.7163187349673719,0.016741540517485633,0.0020497283330405363
epo,670000,5,0.72,0.13509256086106294,5.62,1.2696456198483101,0.016720024955261127,0.00200583809940605
epo,680000,5,0.75,0.10606601717798214,5.57,2.081345718519631,0.016651789193807637,0.0019742484120312074
epo,690000,5,0.7000000000000001,0.10606601717798214,4.0200000000000005,1.6464355438340126,0.016573937063676904,0.0019908939780543373
epo,700000,5,0.72,0.07582875444051553,6.38,2.357063851489815,0.01649002355717651,0.0019942721898672695
epo,710000,5,0.79,0.12942179105544785,5.22,0.8906458330896744,0.016460304873668837,0.001964734554987515
epo,720000,5,0.6,0.1224744871391589,5.989999999999999,2.029285588575447,0.01641918947109649,0.0019386770181274004
epo,730000,5,0.74,0.15165750888103102,4.74,1.8662797217994949,0.016359474465033514,0.001964970937392251
epo,740000,5,0.69,0.14317821063276354,5.27,2.079543219074804,0.016277319293674722,0.0019375670096858633
epo,750000,5,0.72,0.0758287544405155,5.84,2.504845304604658,0.016181888242517657,0.0019491668870450641
epo,760000,5,0.7,0.08660254037844384,5.0,1.0874281585465775,0.01616502126976483,0.0019499918227986275
epo,770000,5,0.71,0.07416198487095665,4.8,2.983915213272656,0.016143657329425104,0.001973419804978813
epo,780000,5,0.63,0.11510864433221338,5.7,1.5684387141358118,0.016103097568073807,0.0019443038728009956
epo,790000,5,0.61,0.13874436925511607,3.99,0.7444796840747234,0.016042298787719983,0.0019185723624690534
epo,800000,5,0.82,0.10368220676663861,4.59,1.9667231630303232,0.015990519988149987,0.0019371815481324963
epo,810000,5,0.74,0.09617692030835674,4.970000000000001,1.5924038432508258,0.015943229559542665,0.0019318897240904163
epo,820000,5,0.61,0.2329162939770423,4.05,2.3143573622066236,0.015859775438750535,0.0019367484156137497
epo,830000,5,0.77,0.14404860290887933,4.19,0.996493853468249,0.01581736845466079,0.0019567046454613034
epo,840000,5,0.67,0.07582875444051547,4.83,1.7679790722743298,0.015763828290271772,0.00192683105529981
epo,850000,5,0.73,0.12041594578792297,6.93,2.3217988715648903,0.01572025378853387,0.0019043987927590802
epo,860000,5,0.73,0.09746794344808965,4.68,2.6387970744261486,0.015688855452157504,0.0018879053547369224
epo,870000,5,0.5800000000000001,0.14404860290887933,4.43,1.5900471691116587,0.015646684651361667,0.0018625041480685584
epo,880000,5,0.67,0.08366600265340758,4.01,1.1507606180261818,0.015589790442943686,0.0018569093072783884
epo,890000,5,0.73,0.11510864433221339,4.15,1.9946804255318695,0.015571927608907426,0.0018835855709970633
epo,900000,5,0.71,0.2434132288927617,4.95,1.9665960439297137,0.015538017264463628,0.0018800024829026382
epo,910000,5,0.72,0.10368220676663861,4.82,2.8061539515856926,0.01547166535347841,0.001859337734126481
epo,920000,5,0.75,0.10000000000000002,5.0600000000000005,1.1513036089581237,0.015418060237021997,0.0018695777715033574
epo,930000,5,0.71,0.2133072900770154,4.34,0.7869243928103894,0.015396145587253319,0.00187742824025996
epo,940000,5,0.62,0.2280350850198276,5.32,1.5234008008400155,0.015340867383901472,0.0018841487151353233
epo,950000,5,0.84,0.09617692030835673,4.05,2.232991267336261,0.015305910848327208,0.0018697956226633578
epo,960000,5,0.75,0.07905694150420949,4.98,2.3034213683127978,0.01524793254992974,0.0018408036150684285
epo,970000,5,0.76,0.14317821063276354,5.1,2.1768670147714584,0.015227026007243306,0.001845708891001148
epo,980000,5,0.78,0.09746794344808964,3.97,0.42367440328629735,0.015170627725130332,0.0018284680047895513
epo,990000,5,0.72,0.14404860290887933,3.6,0.7929375763576852,0.015137187007259603,0.0018196458067857712
epo,1000000,5,0.77,0.09082951062292474,5.35,1.7528548142958107,0.015117215117215118,0.0018073737115483896
lag,10000,5,0.0,0.0,0.54,0.5079370039680118,0.00010001000100010001,0.0
lag,20000,5,0.24,0.23822258499143192,14.85,8.088649454637034,0.02601130056502825,0.013090555214931755
lag,30000,5,0.19,0.11401754250991379,9.370000000000001,3.144360030276432,0.03738791293043101,0.014374560765200738
lag,40000,5,0.25,0.13693063937629152,7.26,4.094722212800277,0.036700917522938074,0.010256839672737987
lag,50000,5,0.16,0.05477225575051661,5.8100000000000005,2.8285155117128133,0.033484669693393865,0.007913733951956664
lag,60000,5,0.39,0.13874436925511607,8.83,3.7667293505108645,0.03072384539742329,0.006598074721446927
lag,70000,5,0.35,0.30618621784789724,8.17,3.7683882496367063,0.029191845597794253,0.005793742215445493
lag,80000,5,0.35000000000000003,0.20310096011589904,8.28,3.2065557846387143,0.027920349004362556,0.005586930817991392
lag,90000,5,0.51,0.22192341021172146,9.45,2.0621590627301285,0.027313636818186868,0.005474340754979938
lag,100000,5,0.4,0.15811388300841897,8.94,2.3203986726422685,0.027254272542725427,0.005117436248792593
lag,110000,5,0.44,0.1710263137648707,9.81,2.610411844901107,0.027256611423740217,0.004118943662587075
lag,120000,5,0.59,0.12942179105544785,14.9,6.471572451885246,0.027305227543562863,0.003969485007345067
lag,130000,5,0.53,0.13509256086106294,10.34,3.8097572101119517,0.02744174955191963,0.004161579715824035
lag,140000,5,0.55,0.1903943276465977,7.38,1.2070625501605126,0.027068764776891265,0.004063726573816262
lag,150000,5,0.67,0.17888543819998315,8.26,1.7921355975483555,0.026689511263408423,0.0036962166758977423
lag,160000,5,0.55,0.1457737973711325,9.14,2.513811846578817,0.026348914680716755,0.0033656776625419897
lag,170000,5,0.51,0.1781852968120546,7.44,2.20238507078122,0.02602132953723257,0.003517841365665838
lag,180000,5,0.53,0.18234582528810467,10.7,1.5612494995995994,0.025687920488447157,0.0032950819540219895
lag,190000,5,0.5800000000000001,0.09746794344808962,11.2,2.4400307375113126,0.025641187585197817,0.0033929904716295456
lag,200000,5,0.6799999999999999,0.057008771254956896,8.63,2.9181758000504354,0.02538112690563453,0.0035736809051218933
lag,210000,5,0.7,0.0790569415042095,8.21,2.7830738401989987,0.025457264082209916,0.0036683318784693844
lag,220000,5,0.65,0.20310096011589904,7.05,2.1324868112136124,0.025401024550111593,0.003571689975063559
lag,230000,5,0.63,0.09746794344808964,7.88,1.582561215245717,0.025267935947547598,0.0033926588561731604
lag,240000,5,0.63,0.12041594578792296,9.5,4.252058325093859,0.025380939087246198,0.0032484394360174254
lag,250000,5,0.67,0.057008771254956896,7.47,1.2512993247021271,0.025306501226004904,0.003366574441536444
lag,260000,5,0.64,0.0821583836257749,9.26,1.8348705676423067,0.025220097000373077,0.0034456341332727704
lag,270000,5,0.56,0.12449899597988731,7.0200000000000005,2.0045573077365484,0.02515194500720373,0.0032609091827504604
lag,280000,5,0.63,0.09082951062292476,8.1,2.6019223662515376,0.024940089071746684,0.003129894505550036
lag,290000,5,0.58,0.09082951062292473,7.41,1.315959725827504,0.02480905106569333,0.002987964319592788
lag,300000,5,0.62,0.1753567791675018,7.51,3.1991014363411487,0.02481674938916463,0.003104164374034483
lag,310000,5,0.63,0.13509256086106294,7.16,2.398020016597026,0.024645240791099327,0.0032328793104684835
lag,320000,5,0.65,0.09354143466934853,7.03,0.9162423260251628,0.02446195144359826,0.003178844970110562
lag,330000,5,0.7,0.15411035007422438,6.76,2.4019263102768162,0.024452195309682755,0.0031243726903379975
lag,340000,5,0.66,0.16355427233796127,6.34,1.480456010829096,0.02432595389986441,0.002959616687539965
lag,350000,5,0.66,0.2103568396796263,7.16,3.117972097373548,0.024172069063054465,0.0028109112922029954
lag,360000,5,0.68,0.1604680653588121,8.45,1.9358460682605938,0.02404451123475343,0.0028490696504752016
lag,370000,5,0.71,0.0651920240520265,6.06,1.275441100168879,0.023934659282862928,0.002814082114176103
lag,380000,5,0.71,0.07416198487095665,7.3500000000000005,2.2099208130609567,0.02378058889628657,0.0027760503201820215
lag,390000,5,0.61,0.23021728866442678,6.1,1.2439855304624727,0.023645701655645272,0.0026501686128984083
lag,400000,5,0.72,0.09082951062292477,7.26,2.9498728786169752,0.023370558426396064,0.0026621606235258666
lag,410000,5,0.71,0.16355427233796124,7.9799999999999995,0.9304568770233257,0.023312251981102393,0.0026832144011039337
lag,420000,5,0.71,0.09617692030835671,6.36,2.4437164319945146,0.023178626615777655,0.002758960246857945
lag,430000,5,0.64,0.054772255750516585,7.72,2.6696441710460213,0.023047495459291766,0.0026872050356841286
lag,440000,5,0.63,0.12041594578792296,4.4399999999999995,1.3078608488673402,0.02287823381416776,0.002548834015717486
lag,450000,5,0.61,0.0547722557505166,7.2,5.698135660020741,0.022740494978877732,0.002513993810595789
lag,460000,5,0.63,0.14832396974191325,6.05,2.5181838693788823,0.022627875277989734,0.0024721065101147616
lag,470000,5,0.65,0.1,6.28,2.0179197209007103,0.02252260111191726,0.0024533995021818714
lag,480000,5,0.7,0.22360679774997896,7.67,2.1984653738460382,0.022436713409819602,0.002476056509925601
lag,490000,5,0.67,0.1036822067666386,8.719999999999999,3.402315388085002,0.02240535184765683,0.0024901395520415645
lag,500000,5,0.6799999999999999,0.07582875444051551,6.8100000000000005,1.4943225890014513,0.022362844725689453,0.0024992235163041644
lag,510000,5,0.71,0.08215838362577493,4.18,1.4579951988947015,0.022351024217694544,0.0024514177097164714
lag,520000,5,0.6599999999999999,0.1193733638631332,6.7700000000000005,2.992198188623207,0.02228119669460903,0.0023940381917221237
lag,530000,5,0.66,0.1140175425099138,7.2299999999999995,3.194448309176406,0.0221147587070919,0.0024001411391337195
lag,540000,5,0.7000000000000001,0.18371173070873836,7.720000000000001,4.433198619507139,0.022058559367702534,0.0024410208455466144
lag,550000,5,0.71,0.14747881203752627,6.86,2.3074336393491364,0.02199640362982478,0.00248370243865881
lag,560000,5,0.61,0.12449899597988734,4.91,2.119964622346326,0.02191932485593724,0.002455561974152841
lag,570000,5,0.74,0.11401754250991378,6.5200000000000005,3.4591545209776338,0.021834775148728332,0.0024813950489929243
lag,580000,5,0.54,0.21621748310439654,5.85,2.5787593916455256,0.021777278926342975,0.0024772594262326524
lag,590000,5,0.61,0.06519202405202645,6.41,2.3506382112098834,0.02167020622068851,0.0024426777004705772
lag,600000,5,0.72,0.04472135954999579,6.14,1.3515731574724326,0.021594702657837764,0.002462444853502941
lag,610000,5,0.65,0.1322875655532295,5.29,1.8572156579137493,0.021539051703363447,0.0024334390692561866
lag,620000,5,0.66,0.1816590212458495,7.69,3.5929444749397397,0.021507454044280717,0.002451684396947739
lag,630000,5,0.68,0.15247950681976907,6.75,3.790778284204973,0.021480669016934947,0.0025079817784537735
lag,640000,5,0.68,0.13038404810405296,4.65,2.5181838693788823,0.0214390959985875,0.002544048126526043
lag,650000,5,0.75,0.1541103500742244,5.16,1.8672841240689646,0.021344032836973597,0.0025343403141219597
lag,660000,5,0.63,0.09082951062292473,4.9,1.9770558919767547,0.021307911072592535,0.0025738388328131433
lag,670000,5,0.67,0.14832396974191325,5.97,2.781321628291126,0.02125018097041936,0.0026176572750871993
lag,680000,5,0.62,0.04472135954999579,6.16,3.4789366191409696,0.02118179585558214,0.002617901970664641
lag,690000,5,0.7,0.09354143466934853,6.92,1.7736262289445317,0.02115713211178567,0.002619882924995259
lag,700000,5,0.69,0.13874436925511607,5.78,0.6129845022510764,0.02113888734126763,0.0026612004789829313
lag,710000,5,0.74,0.08215838362577492,6.58,3.156461626568585,0.02112848046264854,0.002716069526840012
lag,720000,5,0.73,0.08366600265340758,5.17,2.3760787024002386,0.02109641818946971,0.0027583537037173776
lag,730000,5,0.67,0.13038404810405294,5.41,2.1305515717766608,0.021023864416252626,0.002780208983382251
lag,740000,5,0.75,0.21213203435596423,5.78,0.9647538546178501,0.020955433723559087,0.0028185124662048738
lag,750000,5,0.66,0.1341640786499874,5.68,1.101476282086909,0.02084136112181483,0.0028128602661557944
lag,760000,5,0.66,0.16355427233796124,6.74,2.8349162245117583,0.020739764131268594,0.0028171692584070917
lag,770000,5,0.67,0.21679483388678802,6.93,3.2805487345869437,0.02078652050197468,0.0029157391253763695
lag,780000,5,0.6900000000000001,0.12942179105544785,6.27,1.8434342950048421,0.020859257511868606,0.0029992500522668946
lag,790000,5,0.6900000000000001,0.15572411502397437,4.93,1.9892209530366405,0.02084939348024491,0.003053706953125663
lag,800000,5,0.69,0.12942179105544785,4.71,3.0770115371899402,0.020770775963469955,0.003059063447512705
lag,810000,5,0.64,0.10839741694339398,5.2,1.131370849898476,0.020655827970157987,0.003022980998970515
lag,820000,5,0.66,0.13874436925511607,3.77,1.5069007930185714,0.020582220222219783,0.003012341060372258
lag,830000,5,0.58,0.22803508501982758,4.95,2.918261468751558,0.02053689221312315,0.0030517068080806974
lag,840000,5,0.61,0.16733200530681513,5.19,1.7629520696831211,0.020488119628713844,0.0030909040284111643
lag,850000,5,0.64,0.09617692030835674,5.3500000000000005,1.162432793756267,0.02042449461705249,0.0030786968242998056
lag,860000,5,0.72,0.057008771254956916,7.13,2.0915305400591215,0.020367465543564587,0.0030938060653051876
lag,870000,5,0.82,0.09082951062292474,5.39,2.1457516165670243,0.020319103815061856,0.0031065083023082743
lag,880000,5,0.63,0.07582875444051547,3.9,0.8674675786448738,0.020270704853073696,0.0030920185230294273
lag,890000,5,0.59,0.15165750888103102,6.5600000000000005,4.199910713336654,0.02021350585787175,0.0030778180741881152
lag,900000,5,0.6,0.2,5.27,2.5452406565981143,0.020125133472370525,0.0030575811725867975
lag,910000,5,0.5800000000000001,0.0670820393249937,4.5,1.7,0.020029692340321256,0.0030564182355675607
lag,920000,5,0.63,0.10368220676663861,7.01,2.698703392371974,0.019905239027433727,0.0030079164311035034
lag,930000,5,0.62,0.1788854381999832,5.91,2.2286206496395926,0.019816365393941285,0.0029864960437042754
lag,940000,5,0.52,0.25149552679918585,6.33,3.89753126991946,0.01981640406000432,0.0029950559389202032
lag,950000,5,0.6799999999999999,0.15247950681976905,5.01,2.593838853899756,0.019784862931434666,0.003035028337616156
lag,960000,5,0.62,0.17535677916750184,4.0,1.3299436078270386,0.019698770519552624,0.0030567800431306816
lag,970000,5,0.6,0.08660254037844387,3.29,1.7910890541790487,0.01960641196537316,0.003036975363258193
lag,980000,5,0.55,0.18708286933869708,3.76,0.8065358020571682,0.019518387263660474,0.003004821059718694
lag,990000,5,0.72,0.12041594578792293,5.55,0.6547900426854398,0.019450726717905775,0.00299714101876116
lag,1000000,5,0.75,0.11726039399558573,4.36,1.3840158958624715,0.019376219376219375,0.0029752434193084025
qpsl,10000,5,0.0,0.0,0.57,0.5239274758971895,6.000600060006001e-05,8.945166426641823e-05
qpsl,20000,5,0.38,0.11510864433221338,18.24,7.131128942881344,0.029821491074553726,0.0157907626223387
qpsl,30000,5,0.41000000000000003,0.09617692030835674,18.3,6.717607460993832,0.04331477715923864,0.02045581704847539
qpsl,40000,5,0.35,0.21213203435596426,16.15,6.7855545093971505,0.043531088277206934,0.018018821304212323
qpsl,50000,5,0.45,0.19039432764659772,19.5,6.936227360748782,0.045796915938318764,0.017005529906657452
qpsl,60000,5,0.48000000000000004,0.1753567791675018,17.75,5.7630287176102115,0.04689744829080485,0.016537016697204858
qpsl,70000,5,0.46,0.27248853186877425,15.56,6.687338783103485,0.04840354862212317,0.016459549229300145
qpsl,80000,5,0.5599999999999999,0.17102631376487068,22.41,6.4719008027008575,0.04896561207015088,0.01639308255902181
qpsl,90000,5,0.65,0.14142135623730948,19.28,6.156561540340518,0.049633884820942456,0.01731794182628905
qpsl,100000,5,0.65,0.1224744871391589,18.71,6.467843535522485,0.05125251252512525,0.018126636242446415
qpsl,110000,5,0.59,0.0741619848709566,17.85,5.064953109358466,0.051645924053855034,0.018350891359912937
qpsl,120000,5,0.63,0.07582875444051547,21.36,7.534454193901506,0.05293877448978741,0.019165584129465788
qpsl,130000,5,0.67,0.1396424004376894,20.17,5.269440197971697,0.05403887722213248,0.019464842389730792
qpsl,140000,5,0.64,0.14317821063276354,21.68,4.3708694787193085,0.05472896234973107,0.019232504730136813
qpsl,150000,5,0.62,0.21095023109728986,19.4,6.308724118235001,0.055655037700251334,0.019389828363525752
qpsl,160000,5,0.67,0.10954451150103323,18.37,3.559775273805919,0.056331602072512955,0.019709466225599867
qpsl,170000,5,0.58,0.15247950681976905,17.69,8.294305275307872,0.0565944505555915,0.01929298468174241
qpsl,180000,5,0.64,0.11937336386313321,16.9,3.1000000000000005,0.05727920710670615,0.019305810851059417
qpsl,190000,5,0.7,0.15,19.72,8.439312768229414,0.057567671408796886,0.01902917376891902
qpsl,200000,5,0.6,0.08660254037844384,18.28,3.639986263710345,0.05740728703643518,0.0186080784230175
qpsl,210000,5,0.77,0.1440486029088793,19.72,4.461726123374225,0.05685455645026881,0.018150430655039858
qpsl,220000,5,0.76,0.12942179105544785,19.37,4.448960552758364,0.05613934608793676,0.017655728858956186
qpsl,230000,5,0.67,0.11510864433221339,16.46,4.6110465189585765,0.05558806777420772,0.01715910541584823
qpsl,240000,5,0.72,0.02738612787525833,20.47,6.47722934594723,0.055068562785678274,0.016950496096981127
qpsl,250000,5,0.71,0.09617692030835673,18.55,7.004016704720228,0.05434501738006952,0.016558041567333308
qpsl,260000,5,0.78,0.08366600265340754,15.84,3.3989704323515384,0.053826360870618734,0.016317854082399004
qpsl,270000,5,0.79,0.1781852968120546,16.76,5.990659396093222,0.05326834543831644,0.0160257052960904
qpsl,280000,5,0.79,0.04183300132670378,17.57,3.9288357053967013,0.052773759906285383,0.015722477462933187
qpsl,290000,5,0.72,0.10954451150103323,18.39,4.359816509900388,0.052229145617743514,0.015323354400797979
qpsl,300000,5,0.65,0.07071067811865477,12.4,4.1818058300212835,0.05181550605168684,0.014918451601175846
qpsl,310000,5,0.82,0.07582875444051553,18.21,5.589655624454874,0.05148790802550976,0.014637250078010453
qpsl,320000,5,0.66,0.12449899597988731,16.21,3.7315211375523525,0.05101828443213885,0.014289162152842445
qpsl,330000,5,0.7,0.19685019685029528,17.75,4.658996673104629,0.05065166864142013,0.01405181929575736
qpsl,340000,5,0.78,0.02738612787525833,15.280000000000001,2.733038601995955,0.050286618490054384,0.013858251103781727
qpsl,350000,5,0.79,0.05477225575051663,13.76,2.015378376384941,0.05005214300612287,0.013628679010787827
qpsl,360000,5,0.8,0.09999999999999999,17.07,5.1722335600782765,0.04967124908680302,0.013346509419320016
qpsl,370000,5,0.78,0.0758287544405155,16.59,6.211420932443719,0.04942229573593442,0.013027924662826807
qpsl,380000,5,0.67,0.1680773631397161,12.879999999999999,4.357550917660056,0.049208024231642715,0.012802378713498019
qpsl,390000,5,0.59,0.25592967784139453,16.52,7.323728558596366,0.049025253910907465,0.01253632716987992
qpsl,400000,5,0.81,0.02236067977499787,15.709999999999999,1.5789236840328922,0.04877312193280483,0.012387700418142552
qpsl,410000,5,0.61,0.10839741694339397,14.52,5.912021650839922,0.048531337881311906,0.012237025687781677
qpsl,420000,5,0.72,0.14832396974191323,15.81,3.453693674893592,0.048308210257643466,0.012051329608543049
qpsl,430000,5,0.78,0.09082951062292477,18.92,4.149638538475369,0.04812708866764807,0.011826848641665349
qpsl,440000,5,0.73,0.08366600265340754,19.36,2.345580951491549,0.0478778360859911,0.011637555288022896
qpsl,450000,5,0.74,0.08944271909999157,15.360000000000001,4.226020586793208,0.04765655034788966,0.011445382744054863
qpsl,460000,5,0.7899999999999999,0.14747881203752625,15.540000000000001,4.360819877041472,0.047400537827256145,0.011243260425675314
qpsl,470000,5,0.63,0.057008771254956875,13.04,2.5346104237140668,0.04717924931755174,0.011077878571489607
qpsl,480000,5,0.78,0.14404860290887933,15.05,5.560463110209437,0.047013431277981826,0.010970914009070788
qpsl,490000,5,0.75,0.10000000000000002,16.91,4.24284692158461,0.04682172820760858,0.010798961143885405
qpsl,500000,5,0.71,0.12449899597988734,14.7,2.8980596957274702,0.04673769347538695,0.01059345702237366
qpsl,510000,5,0.77,0.11510864433221338,13.76,2.468906640600248,0.04664518950037157,0.010479300189254352
qpsl,520000,5,0.65,0.16583123951777,13.950000000000001,1.8100414359897956,0.046470858597805,0.010281992331348308
qpsl,530000,5,0.81,0.0651920240520265,16.95,5.272926132613655,0.04632914401725286,0.010286478639061444
qpsl,540000,5,0.59,0.1746424919657298,15.87,3.883394134001853,0.04622638190070722,0.010164452008880609
qpsl,550000,5,0.67,0.16046806535881214,14.41,3.1161675179617663,0.04610699292180531,0.010134239185929303
qpsl,560000,5,0.71,0.0651920240520265,15.48,3.7447630098579,0.04596115350205983,0.010057459203039285
qpsl,570000,5,0.6900000000000001,0.14747881203752625,12.17,1.951153504981092,0.0458369225209167,0.009927147885615795
qpsl,580000,5,0.7,0.061237243569579464,15.52,2.914318102060926,0.04566800977243064,0.009825189178292747
qpsl,590000,5,0.71,0.14747881203752627,11.6,2.6904925199673015,0.04555973823684447,0.009702127854406582
qpsl,600000,5,0.76,0.12942179105544785,13.48,4.619604961465861,0.0454680757801263,0.009615836714198555
qpsl,610000,5,0.84,0.13874436925511607,13.799999999999999,4.37692814654296,0.045373189136375634,0.009602949625273334
qpsl,620000,5,0.73,0.07582875444051553,13.95,3.2895668407861844,0.04526813752925408,0.00959070555710436
qpsl,630000,5,0.7,0.08660254037844384,16.91,4.1029562512900375,0.0451540399270475,0.009493822973186718
qpsl,640000,5,0.76,0.11401754250991382,17.67,2.724334781189713,0.04502475785118414,0.009356498182703668
qpsl,650000,5,0.75,0.10606601717798214,13.56,3.330990843577929,0.04489791522756189,0.009253237668982887
qpsl,660000,5,0.72,0.08366600265340758,13.59,2.4187806845598883,0.04483400732425352,0.009152506139170555
qpsl,670000,5,0.8,0.0790569415042095,17.27,3.3768698523928933,0.04468961893972976,0.009085280054590765
qpsl,680000,5,0.77,0.13038404810405294,15.26,3.540727326411906,0.044600065588331746,0.009065845883687198
qpsl,690000,5,0.7,0.09354143466934853,12.81,2.6826759028999385,0.044520934088310274,0.008980946318754766
qpsl,700000,5,0.79,0.15165750888103102,14.74,3.4326374699347437,0.04445006350009072,0.008874985343067172
qpsl,710000,5,0.75,0.12747548783981963,13.51,2.649858486787549,0.04438485124626936,0.008784660405737818
qpsl,720000,5,0.6900000000000001,0.14747881203752627,15.37,4.4437596694690855,0.044320894890131794,0.008792688343335867
qpsl,730000,5,0.71,0.08944271909999157,13.83,4.228563585900062,0.04422307427818394,0.008696720707703814
qpsl,740000,5,0.79,0.1781852968120546,16.35,5.67031745143074,0.04414735695588778,0.008596318071184291
qpsl,750000,5,0.6,0.1060660171779821,15.03,4.9217121004788575,0.04408219210958948,0.008588042429293875
qpsl,760000,5,0.71,0.13874436925511607,15.85,6.507399634262522,0.04406953167043641,0.008487768330127531
qpsl,770000,5,0.76,0.08944271909999159,15.63,4.3607052181957915,0.04399797921815483,0.008412064938132345
qpsl,780000,5,0.78,0.0758287544405155,14.709999999999999,4.173188229639301,0.04397492817298484,0.008359828326996398
qpsl,790000,5,0.75,0.11726039399558574,14.58,3.357379930838927,0.04393676447691706,0.008225211300313508
qpsl,800000,5,0.85,0.03535533905932737,15.44,2.8953410852609407,0.04386980483725605,0.008182120065965014
qpsl,810000,5,0.82,0.12041594578792293,11.71,3.3869971951567956,0.043786226896576415,0.008139366856641244
qpsl,820000,5,0.79,0.12449899597988733,14.84,2.276071176391459,0.04373932163331907,0.008129030787384542
qpsl,830000,5,0.82,0.0670820393249937,14.120000000000001,5.918255655174082,0.043680052626569425,0.008076925533565165
qpsl,840000,5,0.8099999999999999,0.0547722557505166,14.57,4.268723462582227,0.04360576619734071,0.007978131216709577
qpsl,850000,5,0.74,0.1244989959798873,11.65,4.044595158974506,0.04352922768144433,0.007914744393492016
qpsl,860000,5,0.75,0.12247448713915887,16.36,4.896733605169879,0.04341725978751138,0.007881225469043423
qpsl,870000,5,0.8,0.0,15.33,1.3786769019607164,0.0433839579125953,0.007875249581464693
qpsl,880000,5,0.77,0.18907670401189036,12.62,3.7447630098579,0.043364367459508474,0.007852166105331277
qpsl,890000,5,0.87,0.10954451150103325,14.209999999999999,4.208681503749125,0.04326162164227151,0.007753211779132949
qpsl,900000,5,0.8,0.15811388300841897,14.47,3.5409391409624646,0.04319227021363357,0.007708631282436609
qpsl,910000,5,0.76,0.08944271909999163,15.040000000000001,4.6334922035113,0.04311784958005448,0.0076692133501231104
qpsl,920000,5,0.9,0.12747548783981963,15.370000000000001,5.182976943803628,0.04309069901162936,0.007603290406940497
qpsl,930000,5,0.8200000000000001,0.1036822067666386,13.05,1.1592023119369625,0.0430172505561834,0.0075435142914351905
qpsl,940000,5,0.8200000000000001,0.11510864433221336,15.620000000000001,6.267036779850587,0.04296472655821974,0.007474229773780259
qpsl,950000,5,0.76,0.08944271909999162,12.66,3.9612813583485837,0.0429676241764465,0.007445213228733044
qpsl,960000,5,0.89,0.06519202405202645,13.55,4.408372715640092,0.04291691970512469,0.007363550935855554
qpsl,970000,5,0.8099999999999999,0.1341640786499874,14.860000000000001,2.991111833415796,0.04286705450211804,0.00732262555109963
qpsl,980000,5,0.83,0.1036822067666386,14.34,3.2363945989325846,0.04281228858396795,0.007238775740615886
qpsl,990000,5,0.87,0.09082951062292473,14.99,3.0264252840603887,0.042801255354803384,0.007198338079784487
qpsl,1000000,5,0.85,0.0935414346693485,16.35,2.4289915602982237,0.04282824282824283,0.007150782821995001
recovery,10000,5,0.0,0.0,0.37,0.5094114250780012,6.000600060006001e-05,5.4777733523869e-05
recovery,20000,5,0.18,0.18907670401189036,3.6999999999999997,2.8578838324886475,0.02425121256062803,0.007464705087469948
recovery,30000,5,0.27,0.09082951062292474,12.41,2.7898028604186353,0.03886796226540885,0.01051700402690882
recovery,40000,5,0.33999999999999997,0.23822258499143192,13.67,7.301506693826967,0.0429060726518163,0.009063431730773713
recovery,50000,5,0.3,0.09354143466934853,13.6,4.042740407199057,0.04442088841776835,0.009150909765290316
recovery,60000,5,0.38,0.10368220676663861,16.34,3.731521137552352,0.045124085401423354,0.009258353374823019
recovery,70000,5,0.43,0.18234582528810467,17.03,5.155288546725585,0.04603208617265961,0.008170255227486363
recovery,80000,5,0.45,0.1224744871391589,23.22,8.183565848699452,0.048435605445068065,0.008501955338027835
recovery,90000,5,0.48000000000000004,0.09082951062292474,23.7,6.31595202641692,0.05053389482105357,0.009392421288660042
recovery,100000,5,0.47,0.18907670401189036,19.32,5.925010548513816,0.05272852728527285,0.009199275108658716
recovery,110000,5,0.51,0.1981161275615895,19.94,4.988536859641311,0.05431503922762934,0.009898653202638044
recovery,120000,5,0.53,0.15247950681976907,23.77,6.094731331240124,0.05591046592054934,0.010029783228076641
recovery,130000,5,0.5900000000000001,0.1387443692551161,24.04,9.920521659670928,0.05750967315133193,0.010054496430187115
recovery,140000,5,0.6,0.20615528128088303,21.12,11.815381923577418,0.058533275237680274,0.009761717138954375
recovery,150000,5,0.61,0.04183300132670378,22.66,5.310061204920334,0.05970439802932019,0.009578635544181797
recovery,160000,5,0.6,0.15000000000000002,24.9,4.0871750635371615,0.0610841317758236,0.009434783931925572
recovery,170000,5,0.5,0.282842712474619,23.12,10.901295794537454,0.06202507073571021,0.009016352579832665
recovery,180000,5,0.6,0.16583123951776998,19.02,4.658943013173696,0.06331924066244812,0.008842227259980948
recovery,190000,5,0.6799999999999999,0.1036822067666386,22.97,4.090629535902757,0.06401086321506955,0.008755887821736233
recovery,200000,5,0.61,0.21621748310439654,20.89,8.475140116835828,0.06462932314661574,0.008826770169023794
recovery,210000,5,0.73,0.09082951062292474,24.22,7.437119738178214,0.06434792546631174,0.008370033368841654
recovery,220000,5,0.63,0.15652475842498528,21.19,5.775097401776009,0.0642430192864513,0.008400744447325437
recovery,230000,5,0.73,0.05700877125495691,21.16,3.7910091004902644,0.06419593128665776,0.008556827363756037
recovery,240000,5,0.75,0.07071067811865478,23.29,3.3940020624625427,0.06406026691777883,0.008154533097509242
recovery,250000,5,0.73,0.1753567791675018,23.45,5.993433907202114,0.06410265641062564,0.007902687670582716
recovery,260000,5,0.63,0.0758287544405155,21.75,7.962019216254126,0.06379178381455314,0.007499229195037384
recovery,270000,5,0.6,0.1414213562373095,15.15,3.5468295701936396,0.06362468009140775,0.007611162550093425
recovery,280000,5,0.64,0.07416198487095663,20.900000000000002,6.766738505365788,0.06357022703652512,0.007516040190025351
recovery,290000,5,0.5900000000000001,0.23822258499143192,18.79,7.109623759384177,0.06340849451205004,0.008124543770011218
recovery,300000,5,0.66,0.1341640786499874,18.67,2.943127588127976,0.0631628772095907,0.008102812675771778
recovery,310000,5,0.6,0.11726039399558573,21.419999999999998,7.456171940077562,0.0629666547311443,0.008276061076867906
recovery,320000,5,0.69,0.10839741694339397,20.57,6.671169312796671,0.06299207185022453,0.008292902070301327
recovery,330000,5,0.75,0.09999999999999998,20.51,6.38664622474112,0.06292443310434274,0.00856571980551156
recovery,340000,5,0.74,0.20124611797498104,21.16,6.044563673252189,0.0626960667531375,0.008321233254851493
recovery,350000,5,0.59,0.18506755523321747,18.4,2.044504830026087,0.06264589327398079,0.008320207737806147
recovery,360000,5,0.61,0.11401754250991379,15.709999999999999,5.8128521398707536,0.06257350714863097,0.008298042578079132
recovery,370000,5,0.7200000000000001,0.1604680653588121,14.82,7.144455892508541,0.06252773656145016,0.008346331146258172
recovery,380000,5,0.71,0.12942179105544785,20.38,8.918982565292971,0.06247226966386754,0.008339415826965962
recovery,390000,5,0.76,0.13416407864998736,16.81,3.8930065502128297,0.06229041612927212,0.008393357063709058
recovery,400000,5,0.75,0.10000000000000002,16.6,5.224102793781914,0.06200215500538751,0.008336610072139823
recovery,410000,5,0.6900000000000001,0.15572411502397437,17.990000000000002,5.857943325092862,0.06191624857621604,0.008501183933165665
recovery,420000,5,0.75,0.13228756555322954,22.3,4.992869916190486,0.061843004388105687,0.008482133896425752
recovery,430000,5,0.69,0.14747881203752625,17.28,4.45668037893677,0.0618299112323517,0.00834322252868958
recovery,440000,5,0.79,0.0651920240520265,20.51,7.6055407434317255,0.06174923124825284,0.00830025792654694
recovery,450000,5,0.77,0.1604680653588121,18.21,5.520801572235684,0.06165880368623041,0.00821819168020196
recovery,460000,5,0.7,0.11180339887498945,17.87,5.545561288093389,0.06143795964773836,0.008293230971125694
recovery,470000,5,0.71,0.14317821063276354,17.25,3.3632201830983357,0.06120140681150386,0.0082616048560582
recovery,480000,5,0.67,0.04472135954999579,16.669999999999998,3.982241830928905,0.06109179394123738,0.008192887047318406
recovery,490000,5,0.71,0.09617692030835673,20.68,4.696887267116382,0.060961757064810336,0.008252102311917245
recovery,500000,5,0.7,0.13693063937629152,14.26,3.15067453095365,0.06092172184344369,0.008221998613766266
recovery,510000,5,0.71,0.0651920240520265,17.34,5.0001749969376075,0.060831883984086246,0.008149007325657487
recovery,520000,5,0.79,0.08944271909999162,15.969999999999999,5.977624946414754,0.060695885953626835,0.008097956107620246
recovery,530000,5,0.79,0.1140175425099138,21.48,5.020532840247138,0.06048313298704337,0.008027568156679557
recovery,540000,5,0.76,0.07416198487095663,16.54,3.5469000549775855,0.060335296917216515,0.007881572330619983
recovery,550000,5,0.74,0.18506755523321747,15.809999999999999,6.464073792895622,0.06016738212251295,0.007755518677672371
recovery,560000,5,0.82,0.13038404810405294,14.38,2.8897664265473084,0.06002475004419651,0.0076580255402127545
recovery,570000,5,0.65,0.07905694150420946,13.27,1.8522283876455412,0.05992185951203423,0.00763702422984824
recovery,580000,5,0.67,0.1036822067666386,17.52,4.678621591879387,0.05977734444369732,0.007690344082322038
recovery,590000,5,0.69,0.12449899597988734,11.440000000000001,2.8708448233925847,0.05966077908606625,0.007729586491387084
recovery,600000,5,0.66,0.1981161275615895,18.46,3.9074288221284346,0.05944009906683178,0.007725511511323675
recovery,610000,5,0.78,0.13509256086106294,14.1,3.8008222794548017,0.059236490551623854,0.007745875079876147
recovery,620000,5,0.64,0.14747881203752625,13.98,3.072987146084409,0.05904622426810366,0.0077625237031044595
recovery,630000,5,0.8,0.10606601717798214,15.620000000000001,4.478783316928828,0.058903585561246925,0.007653687296001461
recovery,640000,5,0.88,0.08366600265340754,16.37,1.8498648599289624,0.05868321669252608,0.007600159835877713
recovery,650000,5,0.78,0.07582875444051553,15.5,1.5268431484602474,0.058637628673274884,0.007539182099156145
recovery,660000,5,0.89,0.04183300132670378,17.87,2.9228838498989314,0.05856493721960185,0.007504565803430083
recovery,670000,5,0.83,0.11510864433221336,18.13,4.017088497904918,0.05845889322222869,0.007420848781747899
recovery,680000,5,0.73,0.1890767040118904,14.2,2.964160926805425,0.05841008589718514,0.007511524225044526
recovery,690000,5,0.85,0.061237243569579464,17.19,2.616151754008165,0.05830443232526424,0.007449501573166345
recovery,700000,5,0.81,0.10839741694339397,13.02,1.7778498249289785,0.05823808319726171,0.007412513031056347
recovery,710000,5,0.77,0.10368220676663861,14.5,4.591840589567543,0.05809810999733803,0.007372857852263623
recovery,720000,5,0.87,0.08366600265340754,13.440000000000001,7.030860544769752,0.05798646942565198,0.0073135155755099926
recovery,730000,5,0.8,0.0790569415042095,15.56,1.4976648490233058,0.05785158609806315,0.00729510165528535
recovery,740000,5,0.7000000000000001,0.1695582495781317,13.42,4.311409282357683,0.05776169967797254,0.0072972558945100805
recovery,750000,5,0.74,0.1981161275615895,15.64,2.381543617068559,0.05760967681290242,0.007218284973950821
recovery,760000,5,0.65,0.18371173070873834,11.83,2.9450382000918087,0.05753954939414394,0.007132740162239599
recovery,770000,5,0.72,0.13038404810405296,11.44,3.3569703603100227,0.057370204376888806,0.0070951478726612414
recovery,780000,5,0.81,0.09617692030835671,14.18,5.967893263120579,0.05723956056353918,0.006992939578914898
recovery,790000,5,0.77,0.18907670401189036,11.39,3.2037868218718923,0.05713121155849564,0.006946622263923993
recovery,800000,5,0.5599999999999999,0.3646916505762094,10.67,2.147265703167635,0.0570223212779016,0.006968108646183655
recovery,810000,5,0.75,0.1620185174601965,14.78,2.8331960751066982,0.05691834187449614,0.007015470410046482
recovery,820000,5,0.76,0.09617692030835674,15.41,6.725641233369499,0.0568466546910423,0.00705314361806314
recovery,830000,5,0.7000000000000001,0.1695582495781317,15.120000000000001,6.7475551127797395,0.05676777923828824,0.007091152433807232
recovery,840000,5,0.69,0.12449899597988734,14.12,3.0823286651491277,0.05660673405563578,0.007085786054944211
recovery,850000,5,0.8200000000000001,0.08366600265340758,14.540000000000001,3.759221993976945,0.0565355959242305,0.007054693233466473
recovery,860000,5,0.75,0.10000000000000002,14.07,6.994336995026763,0.056457274950319714,0.007153033334983888
recovery,870000,5,0.66,0.10839741694339401,10.03,3.527853455006316,0.05636857053858683,0.007157612928444216
recovery,880000,5,0.74,0.1431782106327635,15.28,4.6779536124249885,0.056300745796302044,0.007228207598791071
recovery,890000,5,0.8200000000000001,0.057008771254956896,12.49,3.086138363716053,0.05622837778469414,0.007208959317318476
recovery,900000,5,0.78,0.10368220676663861,14.07,3.0212993893356552,0.05607028452253836,0.007175436354980541
recovery,910000,5,0.81,0.04183300132670376,12.34,2.9466930617219025,0.055909951549397305,0.007144303986576909
recovery,920000,5,0.83,0.057008771254956896,13.94,3.4580341236025993,0.05578223454590712,0.007141362015699565
recovery,930000,5,0.71,0.18841443681416772,12.52,4.426143919937535,0.055672963089207626,0.007149228659176187
recovery,940000,5,0.8,0.0790569415042095,14.35,4.549725266430931,0.05558580381468491,0.007145670146957368
recovery,950000,5,0.81,0.07416198487095664,14.65,3.8572982772920215,0.05554026898975683,0.007140416902600092
recovery,960000,5,0.77,0.12041594578792297,14.51,3.8973388356672305,0.05541714105952194,0.00712070976406551
recovery,970000,5,0.57,0.17175564037317667,11.18,4.190554855863362,0.05527077862966869,0.007064966139618597
recovery,980000,5,0.75,0.16955824957813168,14.629999999999999,5.245545729473721,0.0551884236616568,0.00703024521950617
recovery,990000,5,0.8099999999999999,0.11937336386313323,13.709999999999999,6.14577090363772,0.05506955057530361,0.00700238763528439
recovery,1000000,5,0.75,0.15811388300841897,14.12,5.883090174389646,0.05496225496225496,0.007008077512859837
fac,10000,5,0.0,0.0,0.57,0.5239274758971895,0.00010001000100010001,0.00014143549978728825
fac,20000,5,0.09,0.09617692030835673,5.32,1.7398275776639476,0.016040802040102005,0.007913154342272077
fac,30000,5,0.19,0.15572411502397437,7.03,2.8771948143982184,0.019953998466615556,0.005892498362560054
fac,40000,5,0.26,0.17102631376487068,6.48,1.9533944814092212,0.01793044826120653,0.004330935272928214
fac,50000,5,0.24,0.11401754250991379,4.9,1.0240849574132023,0.01766035320706414,0.0032764659932436506
fac,60000,5,0.16,0.08944271909999157,6.79,3.3102869966212904,0.01695361589359823,0.0028864482106359794
fac,70000,5,0.33,0.1857417562100671,8.45,2.974684857257992,0.017531679023986058,0.004018489429356708
fac,80000,5,0.22,0.1680773631397161,6.13,2.635479083582338,0.017055213190164877,0.003688209178591715
fac,90000,5,0.29000000000000004,0.14317821063276354,6.2,2.415315714352888,0.016913521261347347,0.0034773673269140283
fac,100000,5,0.39,0.17102631376487068,7.08,2.373710176074577,0.016642166421664217,0.0036727972701262462
fac,110000,5,0.5,0.25495097567963926,9.57,6.476167848349824,0.016623787488977172,0.003745651876594847
fac,120000,5,0.45,0.2091650066335189,9.1,4.286752850351884,0.01701014175118126,0.004325772176849454
fac,130000,5,0.51,0.20432816741702547,6.680000000000001,2.153079190368994,0.01729090223770952,0.00451644597363365
fac,140000,5,0.55,0.203100960115899,8.7,4.189719561020762,0.0174415531539511,0.004509037935183662
fac,150000,5,0.5,0.1457737973711325,7.28,2.2295178851043116,0.01751878345855639,0.004644024452358666
fac,160000,5,0.59,0.15572411502397435,7.37,3.110385828157015,0.01785761161007256,0.004825842512172324
fac,170000,5,0.56,0.12942179105544785,9.83,4.40335099668423,0.017967164512732427,0.00487189656342486
fac,180000,5,0.68,0.12041594578792293,8.92,2.304235231047386,0.018042322457346986,0.004850148809592249
fac,190000,5,0.62,0.08366600265340754,10.49,5.027350196674188,0.018161148216569563,0.004669919320110274
fac,200000,5,0.6,0.19685019685029528,7.01,2.1781299318452056,0.01835109175545878,0.004769121506591212
fac,210000,5,0.63,0.08366600265340754,8.07,1.6821117679868953,0.01845342120676765,0.004609343324187003
fac,220000,5,0.56,0.10839741694339398,8.12,5.094678596339517,0.0183955381615371,0.004502218045570728
fac,230000,5,0.62,0.130384048104053,7.029999999999999,1.3650091574784395,0.018521819660085478,0.004585016425216383
fac,240000,5,0.53,0.14404860290887933,6.22,2.9065873460125022,0.018415910066291945,0.004395750344474924
fac,250000,5,0.66,0.21908902300206645,7.11,2.7618834153526466,0.018429673718694875,0.004276378736621464
fac,260000,5,0.5,0.21794494717703367,8.39,3.454417461743731,0.018416993911515044,0.004195756263783175
fac,270000,5,0.63,0.1823458252881047,6.26,1.5109599597606813,0.01835414205237797,0.004102459846719485
fac,280000,5,0.69,0.13874436925511607,5.36,1.9568469536476276,0.018392922831867255,0.004105209851831738
fac,290000,5,0.63,0.14404860290887933,6.25,1.7681204710086924,0.01825247673267839,0.004011776710467894
fac,300000,5,0.68,0.1396424004376894,7.28,2.3813336599477193,0.018172060573535244,0.0038649295848026915
fac,310000,5,0.62,0.14404860290887933,7.83,3.8617677299392303,0.018151026293633205,0.0037826904236114424
fac,320000,5,0.69,0.14317821063276354,8.08,1.1866970969881068,0.01805130641033253,0.0037434034015661572
fac,330000,5,0.7,0.22638462845343543,7.25,3.565809865935086,0.017966721111276094,0.003664606688246998
fac,340000,5,0.56,0.17818529681205458,6.71,1.2244386468908928,0.01793005273544922,0.0036732714023909136
fac,350000,5,0.76,0.13874436925511607,8.71,2.2241290430188623,0.017884622527492934,0.003554288175312044
fac,360000,5,0.66,0.16355427233796124,6.51,1.1310393450273957,0.017871160753224313,0.0034812560545543873
fac,370000,5,0.62,0.1604680653588121,6.48,3.8680744563671476,0.017824913040305514,0.0033019072425380927
fac,380000,5,0.64,0.10839741694339398,6.55,2.7326726843879423,0.017793731036134304,0.0032020256229990983
fac,390000,5,0.69,0.14317821063276354,5.9799999999999995,1.1172510908475317,0.017708763355803476,0.003193495561872474
fac,400000,5,0.67,0.12549900398011132,6.24,2.12143819141638,0.01762904407261018,0.0032126931431311094
fac,410000,5,0.67,0.057008771254956896,4.41,2.1267345861672537,0.01752004273181154,0.003198383727297543
fac,420000,5,0.7,0.14142135623730953,5.25,1.4383149863642524,0.01744861297288803,0.0032090274010180236
fac,430000,5,0.61,0.15572411502397437,5.08,2.4350564675177453,0.017394924174242266,0.0031880170790761064
fac,440000,5,0.63,0.1604680653588121,4.7,1.6298006013006623,0.017301857504221602,0.003204865988656464
fac,450000,5,0.5700000000000001,0.07582875444051551,6.63,2.0717142660125694,0.017271149491443316,0.0031968489098388687
fac,460000,5,0.7,0.04999999999999999,5.43,0.873641803029136,0.017183080832784418,0.0031832709148199136
fac,470000,5,0.67,0.16807736313971608,7.72,2.0977964629582155,0.01707024908563635,0.0031735074746379265
fac,480000,5,0.65,0.07905694150420946,5.0600000000000005,1.6303373883954202,0.016974618697122287,0.003177591757949675
fac,490000,5,0.6799999999999999,0.20796634343085418,5.9399999999999995,3.993338202556853,0.01685146296216931,0.003108823258935243
fac,500000,5,0.66,0.21621748310439654,4.85,2.4894778569009204,0.016807633615267232,0.003005227266868112
fac,510000,5,0.63,0.10368220676663861,4.4,1.1219402836158439,0.016731013198065095,0.0029232331198664374
fac,520000,5,0.66,0.08215838362577489,4.89,1.9109552585029301,0.016615416568108783,0.0028829178618432743
fac,530000,5,0.56,0.04183300132670376,5.64,1.4651791699311045,0.016494748103298307,0.0028669551567981253
fac,540000,5,0.65,0.11726039399558573,4.2299999999999995,1.0022474744293446,0.01638188218867072,0.002799805968940163
fac,550000,5,0.71,0.108397416943394,5.24,1.5229084017103591,0.01631021147311177,0.002760267492712953
fac,560000,5,0.49000000000000005,0.1949358868961793,4.95,2.1630418396323265,0.01617967174941384,0.0027016378693270403
fac,570000,5,0.58,0.1717556403731767,7.239999999999999,2.4385959074844687,0.01606950187631908,0.002677335808000486
fac,580000,5,0.66,0.10839741694339398,5.64,3.219549657949074,0.01598968274083231,0.0026514391886177367
fac,590000,5,0.63,0.130384048104053,4.23,3.1451550041293674,0.01588985744043634,0.002648904083955115
fac,600000,5,0.47000000000000003,0.1823458252881047,4.1,1.6007810593582121,0.015773026288377148,0.002604202180150388
fac,610000,5,0.59,0.08944271909999157,3.66,0.8302108166002173,0.015660025672173235,0.0025749349401701107
fac,620000,5,0.55,0.1903943276465977,3.44,0.6570768600399803,0.015614541313776313,0.0025399608035941426
fac,630000,5,0.59,0.1673320053068151,4.26,1.80914344373242,0.01555145325627501,0.0025268644011024375
fac,640000,5,0.5,0.15811388300841894,3.9,1.8614510468986283,0.015505649227576917,0.0025157690667375033
fac,650000,5,0.5800000000000001,0.0670820393249937,5.17,2.785587909221319,0.015432331434356053,0.002439435493964692
fac,660000,5,0.5700000000000001,0.057008771254956896,4.21,1.0412732590439457,0.015350023257610996,0.0024079953454850408
fac,670000,5,0.5700000000000001,0.12549900398011132,4.62,1.6327124670314734,0.015267783981767136,0.0023195991531934873
fac,680000,5,0.59,0.2073644135332772,4.62,2.6941139545312485,0.015206787068804514,0.002301899746814951
fac,690000,5,0.5,0.05000000000000002,4.83,1.9954949260772377,0.01509335520776117,0.002271839524641328
fac,700000,5,0.51,0.108397416943394,3.6799999999999997,1.2342001458434528,0.0150123071604388,0.0022265179368517285
fac,710000,5,0.61,0.08944271909999159,4.38,2.4373653808979894,0.014946218234110189,0.00216372885801353
fac,720000,5,0.68,0.14404860290887933,3.7800000000000002,1.0848963084092416,0.014864465089534847,0.002155346580981452
fac,730000,5,0.55,0.1837117307087384,3.78,1.2891857895586654,0.014773170922151949,0.0021381597913909243
fac,740000,5,0.58,0.21389249636207436,3.33,2.092128103152386,0.014682722544219654,0.0020876791466123185
fac,750000,5,0.57,0.1987460691435179,5.33,2.020086631805676,0.014579219438959252,0.002069139046721418
fac,760000,5,0.65,0.04999999999999999,4.41,1.6471186963907607,0.014500808553695467,0.0020468606325736495
fac,770000,5,0.52,0.27294688127912364,3.64,1.7629520696831211,0.014407031697443763,0.0020079387931386376
fac,780000,5,0.61,0.17102631376487068,3.5,0.9027735042633893,0.014322582464849314,0.0019929042830970625
fac,790000,5,0.48,0.1604680653588121,2.61,0.9208691546577069,0.01423267624389398,0.0019773431771150326
fac,800000,5,0.53,0.08366600265340754,3.79,1.328721189715886,0.014146267682834604,0.0019435799941736592
fac,810000,5,0.52,0.25149552679918585,2.45,0.5667892024377317,0.014094338388072085,0.001937017514515768
fac,820000,5,0.56,0.1341640786499874,3.53,1.331164903383499,0.01401001708538669,0.0019069980021652064
fac,830000,5,0.58,0.09082951062292473,4.02,1.579398619728408,0.013922426412561943,0.0018932517815067843
fac,840000,5,0.56,0.08215838362577489,5.3,1.5333786225195654,0.013835492661300786,0.001865309822312235
fac,850000,5,0.6,0.14142135623730953,3.24,1.173882447266335,0.013772722085555395,0.0018427715221542536
fac,860000,5,0.5,0.05000000000000002,4.02,1.5315841472149025,0.013708620591419293,0.0018429099597126177
fac,870000,5,0.46,0.1140175425099138,4.48,1.522169504358828,0.013643234072682841,0.0017995195166858574
fac,880000,5,0.53,0.0758287544405155,3.37,0.7973393255070266,0.013550697216701383,0.0017561078946387693
fac,890000,5,0.62,0.06708203932499367,3.3,0.874642784226795,0.013482936497681458,0.0017328068776170074
fac,900000,5,0.59,0.15165750888103102,2.72,1.0220078277586724,0.013401126001251111,0.0017217993517636971
fac,910000,5,0.56,0.1850675552332175,3.11,1.6253461169855483,0.013327047612140232,0.0016794503852965638
fac,920000,5,0.54,0.14747881203752625,2.73,0.4816637831516918,0.013244579613673493,0.0016635176546978146
fac,930000,5,0.57,0.1604680653588121,3.74,1.984124492061927,0.013169476526318846,0.0016301040664638208
fac,940000,5,0.5700000000000001,0.0758287544405155,2.27,0.48166378315169184,0.013125971410607883,0.0016014238025269048
fac,950000,5,0.6599999999999999,0.0547722557505166,2.33,0.5298584716695584,0.013044434783615562,0.0015851728059335694
fac,960000,5,0.6,0.15411035007422438,2.52,1.2725957724273644,0.012969388509779698,0.001552121408031608
fac,970000,5,0.6,0.09354143466934851,3.58,1.2502999640086374,0.012902075156778513,0.001548791318198982
fac,980000,5,0.5,0.1322875655532295,3.64,1.9083369723400532,0.012836135547077089,0.0015354720200253858
fac,990000,5,0.48000000000000004,0.2109502310972899,5.07,1.8430952227163955,0.01277496239895192,0.0015102301272363824
fac,1000000,5,0.57,0.0670820393249937,3.97,2.4283739415501886,0.012722612722612723,0.0015064291681507655
