variant,alpha,beta,gamma,theta,k,lambda_brake,lambda_throttle,steering_limit_gain,min_steering_scale,trigger_threshold,eval_episodes,seed_count,source_count,complete,SuccessRate_mean,SuccessRate_ci95,EpCost_mean,EpCost_ci95,CostRate_mean,CostRate_ci95,mean_pain_mean,mean_pain_ci95,trigger_rate_mean,trigger_rate_ci95,mean_longitudinal_delta_mean,mean_longitudinal_delta_ci95,steering_limit_rate_mean,steering_limit_rate_ci95
baseline,0.92,0.45,0.08,0.45,12,0.35,0.35,0.5,0.35,0.5,20,5,5,true,0.9299999999999999,0.02400499947927511,15.78,2.8419324129894434,0.05614579153135807,0.008577732907607336,0.0,0.0,0.0,0.0,0.0,0.0,0.0,0.0
longitudinal,0.88,0.35,0.06,0.4,12,0.2,0.35,0.5,0.35,0.5,20,5,5,true,0.86,0.019600000000000017,10.379999999999999,1.0006563046321146,0.03553253182287803,0.003190420396261352,0.5022363881125198,0.03631442599517759,0.4995908936311063,0.03813621886329836,0.23653393697043473,0.019821652451296357,0.0,0.0
longitudinal,0.88,0.35,0.06,0.4,12,0.3,0.35,0.5,0.35,0.5,20,5,5,true,0.9,0.06198064213930023,11.09,3.0938213523085007,0.03412834931652821,0.007050349104995501,0.5391066018522325,0.0291333268997054,0.5361751593149949,0.02998579427486491,0.30835467442130154,0.019383234375762663,0.0,0.0
longitudinal,0.88,0.35,0.06,0.4,12,0.4,0.35,0.5,0.35,0.5,20,5,5,true,0.85,0.09297096320895033,8.91,0.7994061295736979,0.026871596035138137,0.0018190235264762883,0.4981803088999453,0.028804442719547473,0.4953440993925765,0.029467939703250245,0.33430753003640806,0.020770462910550284,0.0,0.0
longitudinal,0.88,0.35,0.06,0.45,12,0.2,0.35,0.5,0.35,0.5,20,5,5,true,0.87,0.04997039123320927,9.44,0.6939341179103389,0.033461023974725605,0.0018671007537450102,0.4714645090524038,0.025384964624682545,0.4709399961479957,0.027521172326621088,0.2207338714549892,0.010361255613710497,0.0,0.0
longitudinal,0.88,0.35,0.06,0.45,12,0.3,0.35,0.5,0.35,0.5,20,5,5,true,0.8400000000000001,0.04800999895855027,10.07,1.0020949256432747,0.03172231938503147,0.0028226661962051976,0.4908285289392227,0.047918948227864216,0.4901103580174329,0.04804932995595571,0.2814770373862642,0.031091432778265458,0.0,0.0
longitudinal,0.88,0.35,0.06,0.45,12,0.4,0.35,0.5,0.35,0.5,20,5,5,true,0.83,0.06646683383462759,9.46,1.43475480832092,0.028783816406632134,0.003354216561454923,0.5209150184154281,0.023858570531097894,0.5222175835576173,0.023503416737058785,0.34430531140332177,0.02899616116014012,0.0,0.0
longitudinal,0.88,0.35,0.06,0.5,12,0.2,0.35,0.5,0.35,0.5,20,5,5,true,0.87,0.11000472717115387,12.92,1.5739910546124458,0.04143169030641331,0.0037834071758679768,0.47260210393068813,0.06112017726380161,0.4749180658868497,0.0626716897652328,0.21958701727082994,0.03353224583608278,0.0,0.0
longitudinal,0.88,0.35,0.06,0.5,12,0.3,0.35,0.5,0.35,0.5,20,5,5,true,0.88,0.06646683383462762,10.82,1.8989254435074587,0.03408801136606295,0.004692758852497746,0.4926684694791203,0.05549917369688008,0.4948896107907708,0.05719432677162745,0.282226086817769,0.03766417308539813,0.0,0.0
longitudinal,0.88,0.35,0.06,0.5,12,0.4,0.35,0.5,0.35,0.5,20,5,5,true,0.91,0.08430278761701773,8.41,1.1564000000000003,0.026878255090581223,0.0021092917559348383,0.4730564122457491,0.04138046174318837,0.476359307715822,0.042546449738152546,0.31867957391857726,0.027475668863469818,0.0,0.0
longitudinal,0.88,0.35,0.08,0.4,12,0.2,0.35,0.5,0.35,0.5,20,5,5,true,0.82,0.07333648478076923,12.28,2.8261745593646546,0.04086890765139704,0.005123553759629561,0.4464551553643741,0.06671748791472326,0.4439295469716277,0.06741073515832095,0.20532110932335448,0.03583306132241147,0.0,0.0
longitudinal,0.88,0.35,0.08,0.4,12,0.3,0.35,0.5,0.35,0.5,20,5,5,true,0.88,0.14402999687565085,11.36,1.5766735109083303,0.034351884421323184,0.00462299578483993,0.4906429188233299,0.024978252829484543,0.487773319895793,0.024849231034558755,0.274442513573997,0.02252794961819238,0.0,0.0
longitudinal,0.88,0.35,0.08,0.4,12,0.4,0.35,0.5,0.35,0.5,20,5,5,true,0.88,0.06646683383462762,10.69,2.8923119057252458,0.030720965105127115,0.006202971838875168,0.5232047951900192,0.05685018837026485,0.5212507753275274,0.056726863219615946,0.35052026522911073,0.04017628202516914,0.0,0.0
longitudinal,0.88,0.35,0.08,0.45,12,0.2,0.35,0.5,0.35,0.5,20,5,5,true,0.89,0.05714332856948391,11.21,1.1320590797303827,0.0341995722366202,0.00421910552624504,0.49008985077364,0.05554256446456803,0.4913324778651554,0.055027095932300006,0.23324605560071554,0.029130456604667836,0.0,0.0
longitudinal,0.88,0.35,0.08,0.45,12,0.3,0.35,0.5,0.35,0.5,20,5,5,true,0.88,0.10089717538167262,12.18,2.4161720634093915,0.034868825612842394,0.004109450672945665,0.5150058006699156,0.049358170785883886,0.5174645746357984,0.050383084648271716,0.29556540708845885,0.028526371623612812,0.0,0.0
longitudinal,0.88,0.35,0.08,0.45,12,0.4,0.35,0.5,0.35,0.5,20,5,5,true,0.9,0.05367681063550624,9.46,1.2075890691787499,0.028931358403197154,0.001818928296219054,0.49574728688053876,0.04032297897359919,0.4959954755705163,0.04016354963651176,0.33150593843030507,0.027411720494590168,0.0,0.0
longitudinal,0.88,0.35,0.08,0.5,12,0.2,0.35,0.5,0.35,0.5,20,5,5,true,0.85,0.06929646455628163,12.54,1.2273106208291364,0.04107671007480376,0.003853987841559589,0.45028225422740464,0.0352158310978825,0.44902374720013866,0.034770428778676185,0.20910784650548506,0.019179209331777993,0.0,0.0
longitudinal,0.88,0.35,0.08,0.5,12,0.3,0.35,0.5,0.35,0.5,20,5,5,true,0.91,0.03666824239038461,9.67,2.799885897675118,0.03168647134464335,0.008787916234341147,0.435249856558189,0.03822418791124338,0.4342015824436877,0.03987298620664572,0.24700744040888672,0.022872521052440142,0.0,0.0
longitudinal,0.88,0.35,0.08,0.5,12,0.4,0.35,0.5,0.35,0.5,20,5,5,true,0.86,0.05714332856948391,10.54,1.4162271569208098,0.030284882012617895,0.003942321812215509,0.47323052905172697,0.04363809994503392,0.4746787610889048,0.04501787736741425,0.31485449420970163,0.034025155751489025,0.0,0.0
longitudinal,0.88,0.45,0.06,0.4,12,0.2,0.35,0.5,0.35,0.5,20,5,5,true,0.8099999999999999,0.11760000000000001,12.94,3.073421246754177,0.04070790951801562,0.00772328093437874,0.5833339872135694,0.024802728323831996,0.5801191503653573,0.025902332771195486,0.2802209376805174,0.013159876513499863,0.0,0.0
longitudinal,0.88,0.45,0.06,0.4,12,0.3,0.35,0.5,0.35,0.5,20,5,5,true,0.88,0.09088146125585787,10.62,3.1080990074320343,0.031113238166919414,0.004516092314936317,0.5595757832650774,0.05093301402708553,0.555870425096193,0.0522907821624426,0.3223338919351023,0.03431185434151893,0.0,0.0
longitudinal,0.88,0.45,0.06,0.4,12,0.4,0.35,0.5,0.35,0.5,20,5,5,true,0.9,0.10278326712067484,9.58,1.6753701203017797,0.02750413085431937,0.004587691585101903,0.586298295645823,0.023298564998817266,0.5833337706860364,0.023691783754078728,0.4029137090470894,0.01806155264182539,0.0,0.0
longitudinal,0.88,0.45,0.06,0.45,12,0.2,0.35,0.5,0.35,0.5,20,5,5,true,0.9299999999999999,0.04997039123320929,11.7,1.9778041359042604,0.03690655114872508,0.00445023028801392,0.5605561948580712,0.04290875213847243,0.559887738234804,0.044498155710122174,0.2693172195908211,0.01822042810110667,0.0,0.0
longitudinal,0.88,0.45,0.06,0.45,12,0.3,0.35,0.5,0.35,0.5,20,5,5,true,0.9299999999999999,0.06646683383462763,9.02,1.675943268729583,0.027287672052714054,0.0037723009270046477,0.5417279111319705,0.03243837212103448,0.5403594676606274,0.0326299814315855,0.31550917103788706,0.021694333209329203,0.0,0.0
longitudinal,0.88,0.45,0.06,0.45,12,0.4,0.35,0.5,0.35,0.5,20,5,5,true,0.8,0.1518209471713307,7.29,2.1244537556746206,0.023567832053296604,0.005391390978339048,0.5012400467477618,0.07459851434743985,0.5001590644223944,0.07542310547219297,0.34414643386958754,0.0525142138605446,0.0,0.0
longitudinal,0.88,0.45,0.06,0.5,12,0.2,0.35,0.5,0.35,0.5,20,5,5,true,0.9099999999999999,0.10463536686990685,10.84,0.8358199327606393,0.034726339329754684,0.004221818405618338,0.5189642436717916,0.03070663330448226,0.5204573270320049,0.03170045780750088,0.24726019241670094,0.01178663008122233,0.0,0.0
longitudinal,0.88,0.45,0.06,0.5,12,0.3,0.35,0.5,0.35,0.5,20,5,5,true,0.87,0.0908814612558579,12.129999999999999,2.0739448980144095,0.03496126215214226,0.004717877125402559,0.5851902706225189,0.03951710313399304,0.5871077238432594,0.039074265023901995,0.33629973726196044,0.020264102320661455,0.0,0.0
longitudinal,0.88,0.45,0.06,0.5,12,0.4,0.35,0.5,0.35,0.5,20,5,5,true,0.91,0.10912818151146844,10.06,1.4060182644617387,0.0292417636316241,0.003114897286028533,0.5563004330874519,0.04375669942216957,0.5572979326953053,0.045372870374599715,0.3841299558067555,0.03533915738001531,0.0,0.0
longitudinal,0.88,0.45,0.08,0.4,12,0.2,0.35,0.5,0.35,0.5,20,5,5,true,0.85,0.06198064213930025,10.59,1.582449670605672,0.0352049728021837,0.0025917401643307902,0.5276424371254341,0.06693828800362883,0.5248509703777624,0.0676568869950029,0.2506806809794707,0.030769831018111312,0.0,0.0
longitudinal,0.88,0.45,0.08,0.4,12,0.3,0.35,0.5,0.35,0.5,20,5,5,true,0.88,0.1008971753816726,10.72,1.8021344677909024,0.03287753152644668,0.0027047339649094657,0.5549218247402234,0.057131617715610226,0.5517593878665867,0.05893161103466544,0.31736527417211935,0.03100296563057297,0.0,0.0
longitudinal,0.88,0.45,0.08,0.4,12,0.4,0.35,0.5,0.35,0.5,20,5,5,true,0.9,0.06929646455628163,11.03,1.8546613275743902,0.031033668155507434,0.004317585094040302,0.5787656878333556,0.02765493969951682,0.5774804031684886,0.02801380875741973,0.39662953143907514,0.020567022539728495,0.0,0.0
longitudinal,0.88,0.45,0.08,0.45,12,0.2,0.35,0.5,0.35,0.5,20,5,5,true,0.89,0.09994078246641858,12.19,2.8672998029505044,0.03907510316320727,0.007043406349414381,0.5254573828282033,0.05278171486086486,0.5254053208718713,0.05355345761397605,0.2518079544453406,0.02987230401191291,0.0,0.0
longitudinal,0.88,0.45,0.08,0.45,12,0.3,0.35,0.5,0.35,0.5,20,5,5,true,0.89,0.048009998958550265,11.25,2.1230066415345945,0.034969650405266735,0.004927875512558756,0.5530350936646111,0.034018383541660806,0.5543312478782604,0.03423521718462782,0.3175140922771104,0.01603617601050324,0.0,0.0
longitudinal,0.88,0.45,0.08,0.45,12,0.4,0.35,0.5,0.35,0.5,20,5,5,true,0.84,0.08981848362113443,9.39,1.698371384591721,0.02824097277703185,0.0038334591357297373,0.5245192665683757,0.03599009932701508,0.5257275588820745,0.036529562820362634,0.35823310430688715,0.027763542636633814,0.0,0.0
longitudinal,0.88,0.45,0.08,0.5,12,0.2,0.35,0.5,0.35,0.5,20,5,5,true,0.83,0.08543441929339719,9.09,1.8731591923806155,0.03150962965613294,0.004731792617935129,0.47790680768253446,0.07283697615231238,0.4779793222098826,0.07342090527538003,0.22661837399616666,0.03409862798974605,0.0,0.0
longitudinal,0.88,0.45,0.08,0.5,12,0.3,0.35,0.5,0.35,0.5,20,5,5,true,0.93,0.039199999999999985,11.63,3.342590229148646,0.03600117754793436,0.008354000775274139,0.5140496365754301,0.05042001515552175,0.5129628490319026,0.05211837934601592,0.2959714271990924,0.03197321816709609,0.0,0.0
longitudinal,0.88,0.45,0.08,0.5,12,0.4,0.35,0.5,0.35,0.5,20,5,5,true,0.91,0.07839999999999998,9.36,1.684460079669447,0.027524074436554795,0.004289737112861808,0.5022242359935907,0.025611168398738657,0.5009007230082465,0.02578520141172483,0.3393227037002972,0.018333402384395014,0.0,0.0
longitudinal,0.92,0.35,0.06,0.4,12,0.2,0.35,0.5,0.35,0.5,20,5,5,true,0.87,0.08543441929339719,11.08,0.9987349197860258,0.03649881599334898,0.0036749604655214665,0.5402554304669427,0.035524653834206374,0.5380388231829463,0.03569406904950384,0.25954534116837075,0.018664812264871416,0.0,0.0
longitudinal,0.92,0.35,0.06,0.4,12,0.3,0.35,0.5,0.35,0.5,20,5,5,true,0.88,0.07333648478076923,10.53,2.439511147750713,0.03494363231730729,0.005900972499793326,0.5258124111771292,0.03690108142385096,0.5242033231410094,0.0374009602148635,0.30052022364827313,0.021786944935891575,0.0,0.0
longitudinal,0.92,0.35,0.06,0.4,12,0.4,0.35,0.5,0.35,0.5,20,5,5,true,0.89,0.07201499843782543,8.74,2.5535347579384933,0.025432998532274764,0.00625572327260946,0.558045802978314,0.05374062122242529,0.5561478418079382,0.0551527565213439,0.37583447382420276,0.03773478404681302,0.0,0.0
longitudinal,0.92,0.35,0.06,0.45,12,0.2,0.35,0.5,0.35,0.5,20,5,5,true,0.89,0.04800999895855027,10.74,1.6583152173214837,0.03550248246817345,0.00439867314140984,0.5166319680488162,0.023051272050857594,0.5164699803030155,0.023319023467218106,0.24888744622903747,0.013865458722877103,0.0,0.0
longitudinal,0.92,0.35,0.06,0.45,12,0.3,0.35,0.5,0.35,0.5,20,5,5,true,0.85,0.053676810635506285,11.47,2.1292402964437813,0.03454874740886067,0.0056207414541210275,0.5505022268789153,0.05413316431100592,0.5501750374522301,0.054157158489464396,0.32219212427965627,0.03353187797051701,0.0,0.0
longitudinal,0.92,0.35,0.06,0.45,12,0.4,0.35,0.5,0.35,0.5,20,5,5,true,0.83,0.07333648478076923,9.19,1.091017763375097,0.02596219028220687,0.0028711519968451587,0.592309217984618,0.04886512040311783,0.5921399101196584,0.04905831533863881,0.40514834578960385,0.02906291104663774,0.0,0.0
longitudinal,0.92,0.35,0.06,0.5,12,0.2,0.35,0.5,0.35,0.5,20,5,5,true,0.8200000000000001,0.13365418063046136,10.91,2.429411895912259,0.03704272109907384,0.004100995396656577,0.49859982216842524,0.03403113570969743,0.5006469584868382,0.033531965079766426,0.24012749815942042,0.0159823837565455,0.0,0.0
longitudinal,0.92,0.35,0.06,0.5,12,0.3,0.35,0.5,0.35,0.5,20,5,5,true,0.9,0.07591047358566534,8.79,1.151406166389602,0.027588151641400244,0.0018408420354727214,0.5036450582838133,0.0277204741728946,0.5046860465633944,0.028202731327123177,0.2896756366349286,0.013416224364802585,0.0,0.0
longitudinal,0.92,0.35,0.06,0.5,12,0.4,0.35,0.5,0.35,0.5,20,5,5,true,0.86,0.08430278761701775,9.87,1.494170619440765,0.02888225994557598,0.0033258982313580363,0.5489823070877785,0.054025582229031845,0.551426339235446,0.05477586034561794,0.3791754868578597,0.04133710925968067,0.0,0.0
longitudinal,0.92,0.35,0.08,0.4,12,0.2,0.35,0.5,0.35,0.5,20,5,5,true,0.94,0.09501452520536005,10.86,1.6317515006887535,0.03541068121432226,0.005909368191158212,0.4981116220927439,0.043889622492322485,0.4945413271388673,0.0448953718451031,0.23643703480449121,0.02359715107227561,0.0,0.0
longitudinal,0.92,0.35,0.08,0.4,12,0.3,0.35,0.5,0.35,0.5,20,5,5,true,0.82,0.11841385054122677,10.37,2.2677208470179924,0.03184312697884392,0.006184303178893567,0.5143391778010348,0.054665565548669214,0.5119039065340633,0.05593254064191018,0.29202516243748156,0.027728290932159987,0.0,0.0
longitudinal,0.92,0.35,0.08,0.4,12,0.4,0.35,0.5,0.35,0.5,20,5,5,true,0.91,0.06500584589096581,8.81,1.8915269387455202,0.026010849904414227,0.003947314554332809,0.5506701225474673,0.04761369720404886,0.5476110205244213,0.048708079304329965,0.3738016877529166,0.03369734668622472,0.0,0.0
longitudinal,0.92,0.35,0.08,0.45,12,0.2,0.35,0.5,0.35,0.5,20,5,5,true,0.85,0.14201549211265646,10.58,2.289008134542121,0.03456526231156974,0.003329537727970221,0.48376337587368495,0.0557694948931451,0.48019089715129454,0.05588281500088127,0.22766950801187197,0.02980474843247274,0.0,0.0
longitudinal,0.92,0.35,0.08,0.45,12,0.3,0.35,0.5,0.35,0.5,20,5,5,true,0.89,0.04800999895855027,11.06,2.2600423358866526,0.03403260481092877,0.004904620175304563,0.5179642218997933,0.08088904260503105,0.5165616401948285,0.08441201932417107,0.2952311734426664,0.05773883804973766,0.0,0.0
longitudinal,0.92,0.35,0.08,0.45,12,0.4,0.35,0.5,0.35,0.5,20,5,5,true,0.85,0.10278326712067486,9.83,1.278364830555033,0.02941910797845123,0.00312378810645131,0.5087762560930061,0.025590360781179777,0.5066925941042113,0.02665100088063666,0.3387476711382642,0.021828512109011378,0.0,0.0
longitudinal,0.92,0.35,0.08,0.5,12,0.2,0.35,0.5,0.35,0.5,20,5,5,true,0.86,0.1134432016473442,11.629999999999999,1.9345011346597862,0.03789569779566447,0.004944869421103581,0.48837729433321087,0.06502275136250832,0.4889094375130004,0.06594193362476268,0.2337083769020218,0.030928867843121207,0.0,0.0
longitudinal,0.92,0.35,0.08,0.5,12,0.3,0.35,0.5,0.35,0.5,20,5,5,true,0.86,0.08981848362113445,10.78,3.0881042469450413,0.031535625440207805,0.005653662086588275,0.49410247178292527,0.046998924951758274,0.49472370934619025,0.04640162312005432,0.2814401676480647,0.025988922700625586,0.0,0.0
longitudinal,0.92,0.35,0.08,0.5,12,0.4,0.35,0.5,0.35,0.5,20,5,5,true,0.8200000000000001,0.07333648478076928,10.75,2.0179435076334515,0.030809539302857614,0.0044523806852499225,0.5045382710909089,0.052065817162084416,0.5048503369969652,0.05373727278050238,0.3368175055551386,0.03525167450912212,0.0,0.0
longitudinal,0.92,0.45,0.06,0.4,12,0.2,0.35,0.5,0.35,0.5,20,5,5,true,0.85,0.06929646455628163,11.2,2.722389905946611,0.03362270461616087,0.0034152257983800375,0.5804857227471037,0.05669616213413346,0.5794491464636998,0.05754007626639482,0.27478445784157346,0.02590063028964768,0.0,0.0
longitudinal,0.92,0.45,0.06,0.4,12,0.3,0.35,0.5,0.35,0.5,20,5,5,true,0.86,0.07201499843782543,9.69,1.802347624627391,0.028537025426279918,0.005209277724875099,0.6020237918324955,0.029827897251356754,0.6014789350085428,0.030564906101394205,0.345575737818469,0.026655341412980146,0.0,0.0
longitudinal,0.92,0.45,0.06,0.4,12,0.4,0.35,0.5,0.35,0.5,20,5,5,true,0.91,0.06500584589096581,8.59,1.8592643061168035,0.02420593189442051,0.0033585497160910868,0.6028437815923615,0.044986832054160986,0.6026680875544959,0.04605242208029398,0.4164636785624856,0.03372094980440102,0.0,0.0
longitudinal,0.92,0.45,0.06,0.45,12,0.2,0.35,0.5,0.35,0.5,20,5,5,true,0.83,0.04997039123320929,10.73,0.7757490831448017,0.03499081409424146,0.003530996892859267,0.5267774917336118,0.056252070879140165,0.526061428710614,0.05669303727698419,0.25393277428242705,0.027218572781845193,0.0,0.0
longitudinal,0.92,0.45,0.06,0.45,12,0.3,0.35,0.5,0.35,0.5,20,5,5,true,0.92,0.07961557636543239,10.96,3.026820073938984,0.032831824491239274,0.008315425599541218,0.6053140809275337,0.02146082960420124,0.6049353924378191,0.02170363474170522,0.3547847344726224,0.015141821568649103,0.0,0.0
longitudinal,0.92,0.45,0.06,0.45,12,0.4,0.35,0.5,0.35,0.5,20,5,5,true,0.87,0.09088146125585787,10.68,1.739493098577859,0.02918463396935536,0.0030950896427762147,0.6177227961800026,0.027714466430101344,0.6167627245167313,0.0278123701740689,0.42502371259945565,0.020746640951162798,0.0,0.0
longitudinal,0.92,0.45,0.06,0.5,12,0.2,0.35,0.5,0.35,0.5,20,5,5,true,0.89,0.05714332856948391,11.61,1.4583242986386808,0.035832320611715894,0.004775695448389158,0.5741589018324743,0.032629971013199706,0.576903947834787,0.03367722711539019,0.2741954390257902,0.010591763554333162,0.0,0.0
longitudinal,0.92,0.45,0.06,0.5,12,0.3,0.35,0.5,0.35,0.5,20,5,5,true,0.88,0.07333648478076923,9.12,1.1287456046426048,0.028356505594666195,0.002754890550913494,0.5489855008988892,0.02326470330256358,0.5510198054816656,0.023768302983368038,0.323996784195004,0.01717078009317893,0.0,0.0
longitudinal,0.92,0.45,0.06,0.5,12,0.4,0.35,0.5,0.35,0.5,20,5,5,true,0.87,0.07961557636543239,10.25,3.020085892818282,0.028401414084059464,0.00714984486386333,0.5782718017361015,0.03818947247374797,0.5812079437435513,0.038307350469254944,0.3987985938734257,0.027290062101375794,0.0,0.0
longitudinal,0.92,0.45,0.08,0.4,12,0.2,0.35,0.5,0.35,0.5,20,5,5,true,0.83,0.0908814612558579,10.040000000000001,2.6874880762526177,0.03425161608078386,0.0039813204911532795,0.511791500800925,0.07634340321374188,0.5085887804138974,0.07769392420792277,0.24274360444852888,0.03779079434684049,0.0,0.0
longitudinal,0.92,0.45,0.08,0.4,12,0.3,0.35,0.5,0.35,0.5,20,5,5,true,0.9199999999999999,0.039199999999999985,9.21,1.7211210765079834,0.029576294604407426,0.005998484641877205,0.5763597563951457,0.01820300567763849,0.5750527863650938,0.018219294696232513,0.3379805019797428,0.01357703905219492,0.0,0.0
longitudinal,0.92,0.45,0.08,0.4,12,0.4,0.35,0.5,0.35,0.5,20,5,5,true,0.9,0.06929646455628163,8.1,1.8573520937075982,0.024362804814839868,0.004456838124850858,0.5551934311642227,0.04677796086038674,0.5535555177833169,0.048317233957495646,0.38319556676327404,0.03578576903542262,0.0,0.0
longitudinal,0.92,0.45,0.08,0.45,12,0.2,0.35,0.5,0.35,0.5,20,5,5,true,0.93,0.039199999999999985,10.84,0.6193413921255382,0.03593413422190276,0.0018421744350304958,0.5410252803921227,0.044096718367087936,0.538900688090213,0.044824589856149996,0.2603827381221717,0.024100221204964432,0.0,0.0
longitudinal,0.92,0.45,0.08,0.45,12,0.3,0.35,0.5,0.35,0.5,20,5,5,true,0.9,0.08199268260033939,8.7,0.9775469298197401,0.026779290522670675,0.0015587213954166672,0.5532834688860315,0.041668079384685204,0.5516834492374221,0.042368288215579246,0.3236914119607613,0.023491562002090276,0.0,0.0
longitudinal,0.92,0.45,0.08,0.45,12,0.4,0.35,0.5,0.35,0.5,20,5,5,true,0.88,0.04997039123320927,10.11,2.4357288354823075,0.026578289293177987,0.005854925464079312,0.6109034690308544,0.021778941604959755,0.6103330525660332,0.021764227295354436,0.4135449487873046,0.029647649447723405,0.0,0.0
longitudinal,0.92,0.45,0.08,0.5,12,0.2,0.35,0.5,0.35,0.5,20,5,5,true,0.86,0.07839999999999997,11.11,2.1804504488751864,0.03524243341530828,0.004131360349755624,0.5750488499163166,0.03746153767041561,0.5766616499752305,0.03700145083324655,0.2771237465497725,0.01774986992748134,0.0,0.0
longitudinal,0.92,0.45,0.08,0.5,12,0.3,0.35,0.5,0.35,0.5,20,5,5,true,0.94,0.03666824239038461,10.52,2.712423315045054,0.030786977282315095,0.005989879201834913,0.5725017388573205,0.04992545049002295,0.5736167270638128,0.05009562587481272,0.33922340104184284,0.028575301773592212,0.0,0.0
longitudinal,0.92,0.45,0.08,0.5,12,0.4,0.35,0.5,0.35,0.5,20,5,5,true,0.94,0.07201499843782541,8.55,1.1508221409062307,0.025271064684358517,0.003927222904977301,0.5627260805207951,0.04213670643325384,0.5629842167579822,0.043337726873245254,0.38756640141055254,0.034181941388036916,0.0,0.0
