algo,train_seed,path,rows
td3,0,/datapool/home/1001900174/home/DYJ/saferl_kit/logs/eval_allalgos_crash_aware_portfolio_confirm_100ep_20260702_td3_seed0/sweep_summary.csv,2
td3,1,/datapool/home/1001900174/home/DYJ/saferl_kit/logs/eval_allalgos_crash_aware_portfolio_confirm_100ep_20260702_td3_seed1/sweep_summary.csv,2
td3,2,/datapool/home/1001900174/home/DYJ/saferl_kit/logs/eval_allalgos_crash_aware_portfolio_confirm_100ep_20260702_td3_seed2/sweep_summary.csv,2
td3,3,/datapool/home/1001900174/home/DYJ/saferl_kit/logs/eval_allalgos_crash_aware_portfolio_confirm_100ep_20260702_td3_seed3/sweep_summary.csv,2
td3,4,/datapool/home/1001900174/home/DYJ/saferl_kit/logs/eval_allalgos_crash_aware_portfolio_confirm_100ep_20260702_td3_seed4/sweep_summary.csv,2
epo,0,/datapool/home/1001900174/home/DYJ/saferl_kit/logs/eval_allalgos_crash_aware_portfolio_confirm_100ep_20260702_epo_seed0/sweep_summary.csv,2
epo,1,/datapool/home/1001900174/home/DYJ/saferl_kit/logs/eval_allalgos_crash_aware_portfolio_confirm_100ep_20260702_epo_seed1/sweep_summary.csv,2
epo,2,/datapool/home/1001900174/home/DYJ/saferl_kit/logs/eval_allalgos_crash_aware_portfolio_confirm_100ep_20260702_epo_seed2/sweep_summary.csv,2
epo,3,/datapool/home/1001900174/home/DYJ/saferl_kit/logs/eval_allalgos_crash_aware_portfolio_confirm_100ep_20260702_epo_seed3/sweep_summary.csv,2
epo,4,/datapool/home/1001900174/home/DYJ/saferl_kit/logs/eval_allalgos_crash_aware_portfolio_confirm_100ep_20260702_epo_seed4/sweep_summary.csv,2
rec,0,/datapool/home/1001900174/home/DYJ/saferl_kit/logs/eval_allalgos_crash_aware_portfolio_confirm_100ep_20260702_rec_seed0/sweep_summary.csv,2
rec,1,/datapool/home/1001900174/home/DYJ/saferl_kit/logs/eval_allalgos_crash_aware_portfolio_confirm_100ep_20260702_rec_seed1/sweep_summary.csv,2
rec,2,/datapool/home/1001900174/home/DYJ/saferl_kit/logs/eval_allalgos_crash_aware_portfolio_confirm_100ep_20260702_rec_seed2/sweep_summary.csv,2
rec,3,/datapool/home/1001900174/home/DYJ/saferl_kit/logs/eval_allalgos_crash_aware_portfolio_confirm_100ep_20260702_rec_seed3/sweep_summary.csv,2
rec,4,/datapool/home/1001900174/home/DYJ/saferl_kit/logs/eval_allalgos_crash_aware_portfolio_confirm_100ep_20260702_rec_seed4/sweep_summary.csv,2
qpsl,0,/datapool/home/1001900174/home/DYJ/saferl_kit/logs/eval_allalgos_crash_aware_portfolio_confirm_100ep_20260702_qpsl_seed0/sweep_summary.csv,2
qpsl,1,/datapool/home/1001900174/home/DYJ/saferl_kit/logs/eval_allalgos_crash_aware_portfolio_confirm_100ep_20260702_qpsl_seed1/sweep_summary.csv,2
qpsl,2,/datapool/home/1001900174/home/DYJ/saferl_kit/logs/eval_allalgos_crash_aware_portfolio_confirm_100ep_20260702_qpsl_seed2/sweep_summary.csv,2
qpsl,3,/datapool/home/1001900174/home/DYJ/saferl_kit/logs/eval_allalgos_crash_aware_portfolio_confirm_100ep_20260702_qpsl_seed3/sweep_summary.csv,2
qpsl,4,/datapool/home/1001900174/home/DYJ/saferl_kit/logs/eval_allalgos_crash_aware_portfolio_confirm_100ep_20260702_qpsl_seed4/sweep_summary.csv,2
lag,0,/datapool/home/1001900174/home/DYJ/saferl_kit/logs/eval_allalgos_crash_aware_portfolio_confirm_100ep_20260702_lag_seed0/sweep_summary.csv,2
lag,1,/datapool/home/1001900174/home/DYJ/saferl_kit/logs/eval_allalgos_crash_aware_portfolio_confirm_100ep_20260702_lag_seed1/sweep_summary.csv,2
lag,2,/datapool/home/1001900174/home/DYJ/saferl_kit/logs/eval_allalgos_crash_aware_portfolio_confirm_100ep_20260702_lag_seed2/sweep_summary.csv,2
lag,3,/datapool/home/1001900174/home/DYJ/saferl_kit/logs/eval_allalgos_crash_aware_portfolio_confirm_100ep_20260702_lag_seed3/sweep_summary.csv,2
lag,4,/datapool/home/1001900174/home/DYJ/saferl_kit/logs/eval_allalgos_crash_aware_portfolio_confirm_100ep_20260702_lag_seed4/sweep_summary.csv,2
fac,0,/datapool/home/1001900174/home/DYJ/saferl_kit/logs/eval_allalgos_crash_aware_portfolio_confirm_100ep_20260702_fac_seed0/sweep_summary.csv,2
fac,1,/datapool/home/1001900174/home/DYJ/saferl_kit/logs/eval_allalgos_crash_aware_portfolio_confirm_100ep_20260702_fac_seed1/sweep_summary.csv,2
fac,2,/datapool/home/1001900174/home/DYJ/saferl_kit/logs/eval_allalgos_crash_aware_portfolio_confirm_100ep_20260702_fac_seed2/sweep_summary.csv,2
fac,3,/datapool/home/1001900174/home/DYJ/saferl_kit/logs/eval_allalgos_crash_aware_portfolio_confirm_100ep_20260702_fac_seed3/sweep_summary.csv,2
fac,4,/datapool/home/1001900174/home/DYJ/saferl_kit/logs/eval_allalgos_crash_aware_portfolio_confirm_100ep_20260702_fac_seed4/sweep_summary.csv,2
